"TOA5","CR1000","CR1000","24446","CR1000.Std.16","CPU:praktikumAWS_A.CR1","26236","Daten"
"TIMESTAMP","RECORD","BattV","PTemp_C","AirTC_1","RH_1","AirTC_2","RH_2","SlrW_1","SlrW_2","NR_Wm2","H_Flux","WS_ms","WindDir","WindDir_Std","Rain_mm_Tot","T107C_1","T107C_2","T107C_3"
"2014-08-15 17:10:00",0,12.4,5.397,2.228,95,2.552,93.4,398.6,59.18,295.5,11.17,1.823,109,32.94,0.2,6.817,6.552,7.092
"2014-08-15 17:20:00",1,12.41,4.988,2.674,91.5,2.754,91.2,181.2,28.76,98.9,9.59,0.941,13.32,35.72,0.3,6.816,6.541,7.357
"2014-08-15 17:30:00",2,12.42,4.665,3.108,83.9,3.26,84.5,664.7,107,550.6,35.51,0.51,121.2,80.9,0.1,6.895,6.552,7.485
"2014-08-15 17:40:00",3,12.42,4.859,4.057,76.95,4.068,75.96,561.1,92.3,403.7,38.57,2.607,119.5,34.43,0,6.992,6.56,7.82
"2014-08-15 17:50:00",4,12.43,5.225,4.128,76.08,4.29,75.09,439.7,73.22,288.2,23.81,0.941,297.3,76.48,0,7.09,6.531,8.1
"2014-08-15 18:00:00",5,12.43,5.42,3.765,76.33,3.684,74.34,82.9,13.71,-27.46,-0.527,1.039,154.9,134.9,0,7.208,6.589,8.3
"2014-08-15 18:10:00",6,12.44,5.225,3.461,72.11,3.239,71.77,65.87,11.37,-44.01,-10.22,1.509,163.5,84.6,0,7.346,6.59,8.23
"2014-08-15 18:20:00",7,12.43,4.837,3.684,69.29,3.422,68.79,75.57,13.04,-21.51,-12.54,1.294,184.6,28.68,0,7.357,6.659,7.949
"2014-08-15 18:30:00",8,12.43,4.471,3.765,72.2,3.482,73.18,74.23,13.04,-26.14,-14.33,2.058,194.5,30.94,0.1,7.376,6.698,7.692
"2014-08-15 18:40:00",9,12.43,4.193,3.784,70,3.502,70.39,81.3,13.37,-17.54,-13.59,0.745,177.9,34.58,0,7.336,6.727,7.415
"2014-08-15 18:50:00",10,12.43,3.978,3.704,68.46,3.401,68.21,110.3,18.39,36.4,-17.28,0.49,164.3,93.1,0,7.278,6.776,7.209
"2014-08-15 19:00:00",11,12.43,3.87,3.946,71.36,3.684,70.95,157.1,26.08,92.6,-10.75,2.979,29.69,136.6,0,7.16,6.797,7.042
"2014-08-15 19:10:00",12,12.43,3.827,3.118,82.8,3.036,82.1,94.6,14.71,44.01,-16.12,4.253,1.992,76.91,0,7.082,6.777,7.013
"2014-08-15 19:20:00",13,12.43,3.698,2.572,90.3,2.592,89.1,17.05,2.675,-12.24,-20.76,2.901,334.5,161.5,0,7.063,6.788,6.905
"2014-08-15 19:30:00",14,12.43,3.486,1.896,94.5,1.945,93.1,6.688,1.338,-21.84,-24.66,3.489,13.1,109.1,0,7.034,6.808,6.788
"2014-08-15 19:40:00",15,12.43,3.165,1.51,95.7,1.52,94.3,20.4,3.01,-24.82,-29.4,2.724,41.74,124.9,0.1,6.976,6.779,6.553
"2014-08-15 19:50:00",16,12.43,2.822,1.379,96,1.258,94,77.92,12.04,-16.22,-17.92,0.588,123.7,36.43,0,6.848,6.75,6.319
"2014-08-15 20:00:00",17,12.43,2.566,1.874,92.2,1.642,90.7,14.05,2.007,-80.4,-20.13,1.98,208.2,26.52,0,6.791,6.771,6.183
"2014-08-15 20:10:00",18,12.42,2.311,2.087,85.7,1.722,87.3,4.682,0.669,-89,-21.5,0.921,314,57.59,0,6.665,6.733,6.009
"2014-08-15 20:20:00",19,12.43,2.053,2.411,82.2,1.935,82.9,5.016,1.003,-107.9,-21.5,1.803,215.4,82.7,0,6.567,6.704,5.823
"2014-08-15 20:30:00",20,12.42,1.798,2.45,76.55,1.966,78.36,2.007,0.334,-151.9,-25.09,1.294,222,85.2,0,6.498,6.714,5.638
"2014-08-15 20:40:00",21,12.42,1.565,2.572,74.94,2.116,75.41,0.669,0.334,-141.3,-28.88,1.117,123.9,33.05,0,6.381,6.675,5.375
"2014-08-15 20:50:00",22,12.42,1.416,2.562,74.72,2.046,75.98,0.334,0,-171.1,-29.62,3.528,165.1,24.66,0,6.246,6.628,5.085
"2014-08-15 21:00:00",23,12.42,1.267,2.35,76.34,1.804,77.69,0,0,-154.6,-27.19,2.744,151.5,51.11,0,6.1,6.579,4.823
"2014-08-15 21:10:00",24,12.41,1.096,2.411,71.63,1.773,73.34,0,0,-189,-27.93,1.725,292.7,106.4,0,5.965,6.512,4.601
"2014-08-15 21:20:00",25,12.41,0.989,2.512,73.06,1.945,74.92,0,0,-140.7,-28.99,2.372,33.42,100.4,0,5.829,6.484,4.417
"2014-08-15 21:30:00",26,12.41,0.946,2.471,72.78,1.945,73.16,0,0,-165.2,-27.09,1.842,286.3,65.27,0,5.683,6.416,4.243
"2014-08-15 21:40:00",27,12.41,0.903,2.32,74.75,1.824,75.21,0,0,-145,-27.4,1.392,78.12,78.44,0,5.558,6.349,4.051
"2014-08-15 21:50:00",28,12.41,0.84,2.228,76,1.682,77.05,0,0,-134,-26.03,1.548,108.9,67.61,0,5.433,6.292,3.907
"2014-08-15 22:00:00",29,12.41,0.797,2.36,72.65,1.824,73.63,0,0,-120.1,-26.03,1.137,1.021,139.1,0,5.306,6.214,3.762
"2014-08-15 22:10:00",30,12.41,0.797,2.158,75.61,1.662,76.22,0,0,-136,-25.61,2.078,288.4,124.4,0,5.161,6.127,3.685
"2014-08-15 22:20:00",31,12.41,0.691,1.996,75.14,1.43,76.04,0,0,-145,-24.35,1.568,160.3,114.8,0,5.083,6.058,3.578
"2014-08-15 22:30:00",32,12.41,0.542,1.906,75.63,1.358,77.46,0,0,-137.4,-24.24,1.96,166.6,85.7,0,4.958,6.001,3.463
"2014-08-15 22:40:00",33,12.4,0.436,2.097,73.09,1.48,75.25,0,0,-130.1,-23.5,1.019,178,21.91,0,4.889,5.942,3.376
"2014-08-15 22:50:00",34,12.4,0.393,2.188,74.05,1.572,75.83,0,0,-99.6,-22.98,1.548,187.1,32.86,0,4.764,5.835,3.241
"2014-08-15 23:00:00",35,12.4,0.436,2.228,73.36,1.622,74.88,0,0,-158.5,-22.77,3.273,167.5,22.27,0,4.695,5.786,3.183
"2014-08-15 23:10:00",36,12.4,0.479,2.249,71.54,1.682,72.35,0,0,-124.1,-22.87,0.255,82.2,34.51,0,4.607,5.717,3.076
"2014-08-15 23:20:00",37,12.4,0.415,1.966,76.15,1.156,78.85,0,0,-124.8,-22.77,1.47,83.7,16.68,0,4.538,5.677,2.939
"2014-08-15 23:30:00",38,12.39,0.373,2.45,68.05,1.642,71.23,0,0,-151.3,-22.13,1.509,59.89,21.67,0,4.433,5.59,2.892
"2014-08-15 23:40:00",39,12.4,0.393,2.309,69.57,1.601,73.07,0,0,-55.93,-18.13,0,151.2,25.9,0,4.355,5.512,2.776
"2014-08-15 23:50:00",40,12.4,0.436,2.218,74.65,1.611,77.49,0,0,-78.44,-16.76,1.784,278.6,63.89,0,4.278,5.484,2.815
"2014-08-16 00:00:00",41,12.39,0.522,2.056,73.46,1.48,75.11,0,0,-84.1,-16.65,0.647,70.78,111.1,0,4.19,5.406,2.786
"2014-08-16 00:10:00",42,12.4,0.585,2.046,72.91,1.47,75.44,0,0,-70.5,-15.28,1.607,28.97,116.3,0,4.152,5.357,2.805
"2014-08-16 00:20:00",43,12.4,0.714,2.249,69.81,1.744,70.4,0,0,-54.94,-15.92,0.608,128.8,112.3,0,4.073,5.288,2.795
"2014-08-16 00:30:00",44,12.4,0.777,2.268,69.68,1.744,69.8,0,0,-57.92,-17.08,1.921,163.2,52.55,0,4.063,5.248,2.794
"2014-08-16 00:40:00",45,12.4,0.797,2.067,70.77,1.4,72.4,0,0,-81.7,-18.23,0.235,261.3,68.82,0,4.032,5.178,2.744
"2014-08-16 00:50:00",46,12.4,0.714,1.874,71.76,1.369,72.53,0,0,-97,-19.5,1.705,160.7,118.1,0,3.984,5.12,2.686
"2014-08-16 01:00:00",47,12.4,0.565,1.662,74.32,1.086,75.35,0,0,-93.7,-20.98,1.705,147.8,23.08,0,3.945,5.091,2.56
"2014-08-16 01:10:00",48,12.4,0.479,1.52,77.18,0.985,77.88,0,0,-85.7,-20.55,2.705,187.7,16.95,0,3.876,4.993,2.444
"2014-08-16 01:20:00",49,12.4,0.458,1.51,76.54,0.985,77.27,0,0,-80.8,-20.98,2.646,199.9,14.99,0,3.819,4.974,2.377
"2014-08-16 01:30:00",50,12.4,0.393,1.309,78.22,0.692,79.74,0,0,-89,-19.71,1.156,154,24.09,0,3.723,4.955,2.29
"2014-08-16 01:40:00",51,12.4,0.266,1.52,75.79,0.894,77.28,0,0,-80.1,-19.29,1.235,90.2,21.2,0,3.657,4.899,2.234
"2014-08-16 01:50:00",52,12.39,0.138,1.258,77.84,0.651,79.07,0,0,-77.12,-18.76,0,30.63,39.28,0,3.609,4.851,2.196
"2014-08-16 02:00:00",53,12.4,-0.012,1.217,76.95,0.55,79.37,0,0,-89,-18.76,1.588,121.7,43.24,0,3.57,4.783,2.119
"2014-08-16 02:10:00",54,12.39,-0.158,1.086,77.61,0.458,79.29,0,0,-85.7,-18.76,0,49.97,91.4,0,3.493,4.754,2.09
"2014-08-16 02:20:00",55,12.39,-0.267,1.207,76.87,0.428,79.63,0,0,-75.13,-18.24,1.019,343.8,63.5,0,3.454,4.696,2.041
"2014-08-16 02:30:00",56,12.39,-0.307,1.277,74.11,0.651,76.25,0,0,-59.91,-17.6,0.823,90.3,88.6,0,3.407,4.649,2.004
"2014-08-16 02:40:00",57,12.39,-0.307,1.41,73.57,0.792,75.8,0,0,-45.34,-17.18,2.45,144.4,25.8,0,3.35,4.581,1.946
"2014-08-16 02:50:00",58,12.39,-0.244,1.358,73.66,0.752,75.92,0,0,-38.06,-16.55,0.902,148.2,25.88,0,3.32,4.551,1.888
"2014-08-16 03:00:00",59,12.39,-0.201,1.338,75.25,0.813,75.96,0,0,-54.94,-16.44,1.039,226.3,22.04,0,3.271,4.502,1.916
"2014-08-16 03:10:00",60,12.39,-0.181,1.147,76.72,0.62,77.38,0,0,-91.7,-16.87,0.235,174.7,35.96,0,3.233,4.445,1.869
"2014-08-16 03:20:00",61,12.39,-0.287,0.782,79.6,0.145,81.2,0,0,-93.7,-17.18,0.764,198.7,31.93,0,3.175,4.415,1.849
"2014-08-16 03:30:00",62,12.39,-0.479,0.813,77.39,0.226,78.45,0,0,-100.6,-17.29,1.078,145.1,40.59,0,3.146,4.358,1.792
"2014-08-16 03:40:00",63,12.39,-0.692,0.813,75.43,0.044,78.12,0,0,-108.9,-17.39,2.019,226.9,29.05,0,3.107,4.337,1.704
"2014-08-16 03:50:00",64,12.39,-0.841,0.53,79.28,-0.138,80.9,0,0,-110.9,-17.18,1.588,188.6,16.69,0,3.03,4.299,1.694
"2014-08-16 04:00:00",65,12.39,-1.01,0.388,79.28,-0.32,81.1,0,0,-110.2,-16.97,1.823,151.5,13.76,0,3.012,4.262,1.638
"2014-08-16 04:10:00",66,12.39,-1.159,0.428,75.48,-0.38,77.98,0,0,-95,-16.76,1.94,211.8,26.54,0,2.963,4.223,1.579
"2014-08-16 04:20:00",67,12.39,-1.225,0.286,76.65,-0.391,78.39,0,0,-79.11,-16.55,1.607,197.8,9.81,0,2.915,4.165,1.512
"2014-08-16 04:30:00",68,12.38,-1.245,0.388,75.31,-0.3,78.57,0,0,-44.02,-15.92,0,188.7,8.82,0,2.877,4.117,1.493
"2014-08-16 04:40:00",69,12.38,-1.202,0.914,69.63,0.317,71.23,0,0,-41.04,-15.6,1.215,232.9,24.35,0,2.839,4.089,1.436
"2014-08-16 04:50:00",70,12.38,-1.053,0.813,73.61,0.226,75.41,0,0,-36.41,-14.86,0.392,190.3,21.5,0,2.771,4.078,1.445
"2014-08-16 05:00:00",71,12.38,-0.904,0.873,72.02,0.327,73.5,0,0,-43.36,-14.76,1.784,184.2,20.89,0,2.77,4.01,1.425
"2014-08-16 05:10:00",72,12.38,-0.755,0.813,72.25,0.286,73.28,0,0,-46.67,-14.97,2.528,201,13.12,0,2.711,3.961,1.357
"2014-08-16 05:20:00",73,12.38,-0.649,0.832,71.12,0.346,71.62,0,0,-47.33,-14.76,1.627,216.5,18.63,0,2.682,3.941,1.386
"2014-08-16 05:30:00",74,12.39,-0.522,0.813,72.66,0.307,73.39,0,0,-39.39,-14.55,1.431,225.4,17.81,0,2.652,3.892,1.356
"2014-08-16 05:40:00",75,12.39,-0.457,0.732,71.91,0.205,73.02,0,0,-40.05,-14.76,4.508,250.3,14.66,0,2.594,3.862,1.355
"2014-08-16 05:50:00",76,12.39,-0.373,0.692,71.61,0.205,72.35,0.334,0,-38.72,-14.65,5.684,234,11.82,0,2.593,3.833,1.345
"2014-08-16 06:00:00",77,12.39,-0.307,0.772,69.44,0.337,69.49,0.334,0.334,-36.41,-14.23,0.745,128,37.92,0,2.535,3.746,1.268
"2014-08-16 06:10:00",78,12.39,-0.267,0.711,71.26,0.256,71.68,2.006,0.669,-33.1,-13.7,1.98,136.8,30.77,0,2.536,3.765,1.288
"2014-08-16 06:20:00",79,12.39,-0.244,0.711,69.93,0.307,70.2,11.04,2.341,-31.44,-13.49,1.49,170.7,48.57,0,2.507,3.727,1.298
"2014-08-16 06:30:00",80,12.39,-0.244,0.651,69.94,0.155,71.18,10.37,2.007,-44.02,-13.39,0.216,74.01,42.5,0,2.457,3.658,1.277
"2014-08-16 06:40:00",81,12.39,-0.287,0.772,67.52,0.307,67.98,20.07,3.679,-38.73,-13.18,0.549,275.1,84,0,2.418,3.667,1.276
"2014-08-16 06:50:00",82,12.39,-0.287,0.873,68.86,0.368,69.72,39.46,7.023,-14.23,-12.86,2.411,310.4,71.76,0,2.398,3.608,1.237
"2014-08-16 07:00:00",83,12.39,-0.267,0.954,67.44,0.499,67.61,43.14,7.692,-6.951,-12.65,1.254,129.2,82.3,0,2.407,3.588,1.246
"2014-08-16 07:10:00",84,12.39,-0.224,0.914,67.52,0.469,68.15,49.16,8.36,5.296,-12.54,1.98,157.2,25.14,0,2.378,3.569,1.237
"2014-08-16 07:20:00",85,12.39,-0.158,0.994,67.03,0.55,68.05,56.18,9.7,3.641,-12.33,1.744,184.6,18.29,0,2.387,3.529,1.236
"2014-08-16 07:30:00",86,12.39,-0.075,1.096,66.5,0.631,67.11,97.6,17.06,41.7,-12.23,2.999,181.4,36.72,0,2.358,3.509,1.236
"2014-08-16 07:40:00",87,12.39,0.031,1.166,66.87,0.752,67.18,116,20.06,65.86,-12.23,1.901,160.3,47.35,0,2.34,3.501,1.247
"2014-08-16 07:50:00",88,12.39,0.16,1.217,67.02,0.842,67.83,64.21,10.7,5.296,-12.12,2.293,169.9,19.83,0,2.332,3.454,1.277
"2014-08-16 08:00:00",89,12.39,0.287,1.358,67.82,0.954,67.99,90.3,15.38,46.01,-11.81,0.941,353.8,66.96,0,2.34,3.443,1.275
"2014-08-16 08:10:00",90,12.4,0.479,1.562,66.47,1.228,67.3,128.7,22.07,86.4,-10.44,1.823,180.4,110.8,0,2.3,3.422,1.352
"2014-08-16 08:20:00",91,12.4,0.691,1.572,66.34,1.196,66.1,89.3,14.71,50.31,-8.96,1.078,25.86,80,0,2.319,3.422,1.458
"2014-08-16 08:30:00",92,12.4,0.82,1.582,65.47,1.228,65.77,142.5,24.08,103.6,-4.638,0.412,207.3,99.3,0,2.376,3.402,1.544
"2014-08-16 08:40:00",93,12.4,0.989,1.783,65.48,1.52,66.55,165.5,27.42,107.6,0.949,1.235,162.2,34.1,0,2.404,3.39,1.649
"2014-08-16 08:50:00",94,12.4,1.181,1.896,63.93,1.622,64.39,166.2,31.77,75.13,1.686,0.216,308.9,82,0,2.432,3.38,1.851
"2014-08-16 09:00:00",95,12.4,1.351,1.824,65.21,1.562,65.22,148.1,28.09,57.59,-3.057,0.372,61.73,137,0,2.49,3.37,2.083
"2014-08-16 09:10:00",96,12.4,1.565,2.178,63.39,1.844,63.33,208.3,35.78,140,-0.843,0.862,308.4,130.2,0,2.565,3.359,2.15
"2014-08-16 09:20:00",97,12.41,1.798,2.35,64.32,2.228,63.62,227.1,39.8,148.6,6.535,0.098,156.1,93.7,0,2.603,3.387,2.313
"2014-08-16 09:30:00",98,12.41,2.48,3.159,58.18,2.916,57.59,597.9,125.4,412.1,-0.105,0.921,133.5,81.5,0,2.661,3.386,2.525
"2014-08-16 09:40:00",99,12.41,3.612,3.25,60.3,3.36,60.41,469.8,94.3,159.9,-2.003,1.96,331.9,105.9,0,2.745,3.384,2.6
"2014-08-16 09:50:00",100,12.42,4.365,3.046,63.46,2.976,64.12,737.7,147.5,459,-4.11,2.783,203.5,92.9,0,2.792,3.421,2.628
"2014-08-16 10:00:00",101,12.42,4.579,2.268,63.46,2.249,63.66,167.2,30.43,41.36,-4.11,2.607,37.23,99.1,0,2.878,3.429,2.655
"2014-08-16 10:10:00",102,12.42,4.299,2.33,62.79,2.411,62.5,679.4,126.7,489.4,-6.006,3.097,294.4,104.3,0,2.877,3.409,2.712
"2014-08-16 10:20:00",103,12.43,4.365,2.966,64.21,3.198,62.43,581.1,105.6,467.8,0.316,1.431,328.2,133.3,0,2.954,3.476,2.896
"2014-08-16 10:30:00",104,12.43,4.6,2.814,61.57,2.936,60.71,463.7,82.6,432.4,1.159,0.431,16.43,109.2,0,3.04,3.505,3.263
"2014-08-16 10:40:00",105,12.43,4.622,2.814,60.86,2.896,59.7,255.8,45.8,146.6,2.95,0.862,259.1,98.9,0,3.137,3.515,3.592
"2014-08-16 10:50:00",106,12.43,4.665,3.198,59.77,3.552,60.12,446,76.57,352.4,6.954,1.842,353.1,152.4,0,3.293,3.564,3.825
"2014-08-16 11:00:00",107,12.44,4.794,3.35,63.8,3.482,63.08,579.1,100.6,425.8,9.48,1.215,171.5,114,0,3.408,3.573,4.183
"2014-08-16 11:10:00",108,12.44,4.794,2.836,62.85,2.886,61.92,630.5,109.7,716.6,6.533,2.901,194.9,39.99,0,3.582,3.64,4.513
"2014-08-16 11:20:00",109,12.44,4.794,3.482,63.08,3.512,61.6,339.7,60.18,266.3,10.33,0.941,190.2,41.56,0,3.747,3.699,4.717
"2014-08-16 11:30:00",110,12.44,4.988,3.532,61.95,3.684,61.66,421.9,71.55,335.2,12.33,2.391,334.2,92.3,0,3.882,3.727,5.096
"2014-08-16 11:40:00",111,12.45,5.097,3.744,64.18,4.18,64.88,1085,183.6,864,9.59,3.567,20.07,115.7,0,4.096,3.834,5.378
"2014-08-16 11:50:00",112,12.45,5.548,4.209,60.14,4.532,58.2,395.9,67.54,283.9,14.12,2.019,354.6,139.9,0,4.28,3.902,5.915
"2014-08-16 12:00:00",113,12.45,5.96,4.088,61.04,4.604,59.55,475.8,79.24,432.4,23.71,3.998,221.4,90.6,0.1,4.522,4.008,6.521
"2014-08-16 12:10:00",114,12.45,6.134,3.987,62.09,4.18,60.11,441,73.55,343.8,13.91,2.156,3.11,144.5,0,4.785,4.086,6.992
"2014-08-16 12:20:00",115,12.45,6.156,3.917,60.3,4.158,59.93,1208,194.2,1169,11.38,3.332,175.4,52.83,0,5.056,4.172,7.237
"2014-08-16 12:30:00",116,12.45,6.33,4.351,58.75,4.976,59.46,1190,193.9,1078,12.64,2.332,202.7,39.9,0,5.309,4.279,7.621
"2014-08-16 12:40:00",117,12.46,6.809,5.19,53.91,5.785,52.27,413.2,68.54,298.7,28.13,2.038,215.4,53.02,0,5.523,4.443,8.33
"2014-08-16 12:50:00",118,12.46,6.963,3.886,61.93,4.18,61.03,346,57.5,260.4,9.17,3.391,217.6,143.6,0,5.89,4.508,8.86
"2014-08-16 13:00:00",119,12.46,6.744,3.987,60.08,4.351,58.49,657.3,109,864,19.28,1.431,245.4,56.66,0,6.201,4.671,8.95
"2014-08-16 13:10:00",120,12.46,6.94,4.411,56.7,4.724,55.87,530.2,87.9,435,23.92,0.51,142.9,68.64,0,6.445,4.846,9.26
"2014-08-16 13:20:00",121,12.46,7.071,4.532,58.87,4.997,58.57,1329,211,1284,23.81,1.921,149.7,65.81,0,6.698,4.971,9.6
"2014-08-16 13:30:00",122,12.46,7.333,5.169,56.49,5.795,56,1179,185.9,1133,20.75,2.254,6.048,130.2,0,6.933,5.145,10
"2014-08-16 13:40:00",123,12.47,7.686,5.371,53.04,6.108,53.27,641.2,104.3,729.4,30.34,1.509,136.2,109.6,0,7.179,5.31,10.53
"2014-08-16 13:50:00",124,12.47,8.15,4.654,57.41,5.28,54.42,473.4,76.89,415.2,23.7,2.117,224,47.71,0,7.493,5.417,11.2
"2014-08-16 14:00:00",125,12.47,7.993,4.17,67.07,4.442,66.05,350.4,57.5,251.1,6.743,5.449,0.049,109.5,0,7.809,5.621,11.31
"2014-08-16 14:10:00",126,12.47,7.444,3.218,70.96,3.34,69.5,344.3,56.16,239.2,2.318,1.744,220.6,97,0,8.07,5.796,11.09
"2014-08-16 14:20:00",127,12.47,7.006,3.644,66.27,4.047,65.14,1212,187.6,1097,7.375,1.646,254.8,104.9,0,8.22,5.942,10.82
"2014-08-16 14:30:00",128,12.47,7.006,4.047,64.91,4.452,62.42,537.9,84.9,338.4,11.48,1.098,337.6,107,0,8.29,6.079,11.14
"2014-08-16 14:40:00",129,12.47,7.18,4.422,61.62,5.27,59.45,969,155.1,827,27.92,1.921,180.7,104.7,0,8.48,6.246,11.46
"2014-08-16 14:50:00",130,12.47,7.598,4.512,63.09,5.34,62.35,1081,174.9,1024,43.09,2.862,203.4,30.01,0,8.62,6.402,12.02
"2014-08-16 15:00:00",131,12.48,8.19,6.038,59.87,6.854,57.78,575,96.6,964,50.46,1.294,225.7,99.4,0,8.91,6.569,12.69
"2014-08-16 15:10:00",132,12.47,8.77,4.896,57.74,5.562,54.52,371.7,62.85,260.7,39.72,0,249,133.2,0,9.25,6.726,13.35
"2014-08-16 15:20:00",133,12.48,8.97,5.442,57.12,6.148,54.82,1090,179.8,929,45.09,2.058,333.8,90.6,0,9.55,6.863,13.66
"2014-08-16 15:30:00",134,12.48,9.3,6.694,55.46,6.905,55.76,762.1,121.7,444.9,55.09,1.431,86.9,120.1,0,9.89,7.068,14.05
"2014-08-16 15:40:00",135,12.49,9.84,5.361,57.2,6.158,54.73,1064,170.8,1033,22.96,1.548,40.76,131.7,0,10.22,7.254,14.63
"2014-08-16 15:50:00",136,12.49,10.13,6.209,55.89,6.834,55.52,454.3,74.54,496.8,34.87,1.862,334.3,120.3,0,10.53,7.41,15.13
"2014-08-16 16:00:00",137,12.49,10.16,5.078,58.93,5.462,56.66,318.2,52.81,208.7,5.161,2.705,321.5,107.2,0,10.86,7.617,15.34
"2014-08-16 16:10:00",138,12.49,9.62,4.724,64.21,5.018,61.72,175.8,29.41,98.2,5.267,2.666,102.1,119.2,0,11.15,7.824,15.01
"2014-08-16 16:20:00",139,12.49,8.81,3.825,70.84,4.018,70.43,444.2,75.21,335,-4.635,2.607,124,113.3,0,11.3,8.04,14.53
"2014-08-16 16:30:00",140,12.49,8.04,3.391,74.41,3.632,72.39,284.8,48.14,193.5,3.476,3.116,263.2,69.08,0,11.36,8.21,14.04
"2014-08-16 16:40:00",141,12.48,7.51,4.25,66.38,4.694,65.19,175.9,30.76,65.17,2.634,0,24.44,130.5,0,11.33,8.39,13.68
"2014-08-16 16:50:00",142,12.48,7.114,3.784,67.92,3.956,66.27,143.1,25.08,33.41,-6.427,1.529,327.4,106.1,0,11.27,8.53,13.33
"2014-08-16 17:00:00",143,12.48,6.701,4.057,68.64,4.189,67.91,202,35.11,116.1,-7.376,1.744,159,57.55,0,11.2,8.61,12.97
"2014-08-16 17:10:00",144,12.48,6.461,3.886,63.58,4.068,62.27,248.8,43.8,141.3,-9.48,2.666,34.91,110.8,0,11.14,8.73,12.6
"2014-08-16 17:20:00",145,12.48,6.416,4.411,62.24,4.694,61.03,402.6,68.54,302.7,6.322,3.312,222.7,122.7,0,11.08,8.87,12.4
"2014-08-16 17:30:00",146,12.48,6.766,4.997,63.23,5.592,60.98,606.8,103.3,522.1,26.76,2.842,250.9,78.02,0,10.98,8.91,12.48
"2014-08-16 17:40:00",147,12.48,7.421,5.148,60.01,5.604,57.21,251.4,44.8,157.2,22.65,1.627,246.8,68.34,0,10.98,9,12.79
"2014-08-16 17:50:00",148,12.48,7.882,5.229,58.75,5.805,57.41,671.7,116,516.1,22.76,3.528,25.38,120.5,0,10.98,9.01,13.03
"2014-08-16 18:00:00",149,12.47,8.28,5.118,60.21,6.028,56.01,554.3,96.3,488,15.59,0,321.1,122.5,0,11.11,9.09,13.2
"2014-08-16 18:10:00",150,12.48,8.55,4.351,61.06,4.583,60.38,122,21.39,23.49,2.95,2.548,338.1,109.4,0,11.22,9.16,13.36
"2014-08-16 18:20:00",151,12.47,8.15,3.927,66.18,4.008,64.71,62.51,11.03,-8.93,-6.953,2.43,55.96,92.6,0,11.31,9.17,13.17
"2014-08-16 18:30:00",152,12.47,7.421,3.684,70.42,3.704,68.99,44.13,7.355,-19.52,-21.39,2.352,351.8,140.9,0,11.33,9.23,12.85
"2014-08-16 18:40:00",153,12.47,6.701,3.218,71.1,3.169,70.21,124.7,20.4,39.37,-28.34,2.803,6,84.8,0,11.28,9.35,12.33
"2014-08-16 18:50:00",154,12.47,6.068,3.32,67.05,3.299,66.65,99,17.39,11.58,-30.87,2.332,294.6,126.6,0,11.14,9.37,11.88
"2014-08-16 19:00:00",155,12.47,5.528,3.34,67.55,3.198,67.34,141.1,24.41,73.12,-20.34,2.391,311.5,73.34,0,11.04,9.46,11.42
"2014-08-16 19:10:00",156,12.47,5.182,3.29,67.55,3.25,66.09,46.81,7.69,-5.625,-19.18,2.568,230.5,117,0,10.87,9.48,11.07
"2014-08-16 19:20:00",157,12.47,4.902,3.422,64.63,3.34,64.27,28.42,4.681,-20.18,-21.81,2.685,20.9,125.5,0,10.72,9.44,10.73
"2014-08-16 19:30:00",158,12.46,4.643,3.299,64.01,3.26,62.1,35.78,6.019,-11.58,-31.72,0.353,53.48,134,0,10.52,9.5,10.44
"2014-08-16 19:40:00",159,12.46,4.408,3.138,67.85,3.036,66.69,29.42,5.015,-17.87,-29.08,0.137,25.76,129.6,0,10.37,9.49,10.08
"2014-08-16 19:50:00",160,12.46,4.193,3.078,66.67,2.916,65.86,19.06,3.009,-24.82,-26.66,1.921,28.6,144.6,0,10.19,9.42,9.78
"2014-08-16 20:00:00",161,12.46,4.021,3.036,69.86,2.896,69.17,11.03,2.006,-31.43,-24.03,2.764,354,149.4,0,10,9.43,9.49
"2014-08-16 20:10:00",162,12.45,3.827,2.826,70.72,2.664,69.37,9.03,1.672,-32.76,-26.03,0.176,24.95,115.7,0,9.85,9.37,9.22
"2014-08-16 20:20:00",163,12.45,3.635,2.724,70.76,2.541,69.76,3.344,0.669,-68.49,-28.98,1.45,309.2,152.6,0,9.66,9.31,9.03
"2014-08-16 20:30:00",164,12.45,3.4,2.664,69.67,2.46,69.55,2.006,0.334,-61.88,-29.82,2.136,332.8,152.7,0,9.56,9.28,8.74
"2014-08-16 20:40:00",165,12.45,3.165,2.46,70.87,2.268,69.93,0.669,0.334,-48.65,-26.56,1.666,280.5,112.1,0,9.41,9.23,8.44
"2014-08-16 20:50:00",166,12.45,2.95,2.45,70.76,2.268,69.35,0,0,-35.08,-27.72,0.314,5.734,108.4,0,9.23,9.15,8.23
"2014-08-16 21:00:00",167,12.44,2.844,2.411,71.05,2.148,69.85,0,0,-34.09,-25.4,0.706,33.48,111.8,0,9.1,9.08,8.02
"2014-08-16 21:10:00",168,12.44,2.758,2.228,72.11,1.996,70.72,0,0,-40.38,-26.14,2.724,298.3,131.2,0,8.92,9.03,7.837
"2014-08-16 21:20:00",169,12.44,2.652,2.178,74.29,1.966,72.68,0,0,-37.4,-23.61,1.098,7.776,109.8,0,8.75,8.95,7.62
"2014-08-16 21:30:00",170,12.44,2.523,1.954,76.74,1.744,74.63,0,0,-38.06,-23.3,0,200.6,97.4,0,8.64,8.91,7.394
"2014-08-16 21:40:00",171,12.44,2.395,1.915,76.2,1.672,74.7,0,0,-35.42,-23.08,1.294,329.8,116.4,0,8.44,8.82,7.255
"2014-08-16 21:50:00",172,12.43,2.288,1.804,75.26,1.582,74.25,0,0,-34.09,-23.4,1.705,267.1,131.3,0,8.34,8.74,7.087
"2014-08-16 22:00:00",173,12.43,2.182,1.783,74.67,1.52,73.75,0,0,-40.05,-24.35,2.215,49.75,107.3,0,8.21,8.67,6.92
"2014-08-16 22:10:00",174,12.43,2.053,1.783,75.74,1.52,75.04,0,0,-35.41,-22.66,1.098,344.2,80,0,8.08,8.56,6.734
"2014-08-16 22:20:00",175,12.43,1.97,1.763,74.34,1.53,73.7,0,0,-36.08,-25.61,1.823,273.3,83.1,0,7.936,8.47,6.547
"2014-08-16 22:30:00",176,12.43,1.861,1.744,73.91,1.42,73.03,0,0,-90.4,-24.14,0.451,263.2,59.36,0,7.799,8.42,6.441
"2014-08-16 22:40:00",177,12.43,1.692,1.672,72.92,1.298,72.65,0,0,-85.1,-23.4,1.764,296.2,116.7,0,7.69,8.35,6.255
"2014-08-16 22:50:00",178,12.43,1.48,1.783,67.85,1.4,67.75,0,0,-62.88,-24.66,1.901,51.52,111.6,0,7.542,8.27,6.069
"2014-08-16 23:00:00",179,12.42,1.351,1.702,67.86,1.358,67.74,0,0,-64.54,-26.35,2.274,239.1,117,0,7.425,8.2,5.875
"2014-08-16 23:10:00",180,12.42,1.245,1.591,69.05,1.277,68.96,0,0,-63.88,-23.93,1.352,212.5,110.5,0,7.277,8.09,5.689
"2014-08-16 23:20:00",181,12.42,1.138,1.5,68.01,1.196,67.96,0,0,-46,-24.56,2.568,28.68,123.2,0,7.17,8.02,5.583
"2014-08-16 23:30:00",182,12.42,1.118,1.5,67.6,1.196,66.6,0,0,-34.75,-24.66,1.078,100.7,138.4,0,7.052,7.95,5.408
"2014-08-16 23:40:00",183,12.42,1.138,1.318,67.48,1.004,67.23,0,0,-49.65,-22.03,1.137,80.8,85.6,0,6.906,7.882,5.331
"2014-08-16 23:50:00",184,12.42,1.053,1.268,66.5,0.934,65.77,0,0,-59.24,-21.92,0.627,27.32,113.7,0,6.779,7.764,5.244
"2014-08-17 00:00:00",185,12.42,0.946,1.228,66.63,0.852,66.56,0,0,-57.92,-23.61,2.215,210.2,82.2,0,6.711,7.695,5.128
"2014-08-17 00:10:00",186,12.41,0.863,1.137,68.33,0.752,68.15,0,0,-69.17,-23.29,1.196,201.5,24.97,0,6.623,7.627,4.983
"2014-08-17 00:20:00",187,12.41,0.757,1.076,68.51,0.692,68.46,0,0,-77.12,-22.87,1.607,209.8,30.86,0,6.495,7.518,4.846
"2014-08-17 00:30:00",188,12.41,0.608,1.035,65.34,0.651,65.13,0,0,-88.7,-23.29,0.333,150,49.47,0,6.399,7.481,4.683
"2014-08-17 00:40:00",189,12.41,0.436,0.914,68.21,0.438,68.17,0,0,-95.3,-23.82,1.705,225.4,33.03,0,6.281,7.42,4.536
"2014-08-17 00:50:00",190,12.41,0.203,0.832,69.15,0.358,69.22,0,0,-107.9,-24.35,1.215,242.9,53.69,0,6.184,7.313,4.333
"2014-08-17 01:00:00",191,12.4,-0.012,0.711,70.55,0.216,70.64,0,0,-114.2,-25.72,1.313,156,26.99,0,6.068,7.256,4.209
"2014-08-17 01:10:00",192,12.41,-0.201,0.711,70.99,0.216,70.81,0,0,-116.8,-26.77,2.764,192.5,34.86,0,5.893,7.138,3.996
"2014-08-17 01:20:00",193,12.4,-0.35,0.61,72.35,0.054,72.51,0,0,-114.5,-26.14,1.882,209.1,22.38,0,5.796,7.09,3.861
"2014-08-17 01:30:00",194,12.41,-0.522,0.448,73.64,-0.127,74,0,0,-115.8,-26.14,3.43,177,29.04,0,5.681,7.023,3.708
"2014-08-17 01:40:00",195,12.39,-0.671,0.408,72.66,-0.127,72.87,0,0,-118.8,-25.72,2.372,161.7,13.52,0,5.536,6.906,3.534
"2014-08-17 01:50:00",196,12.4,-0.798,0.408,72.63,-0.118,72.53,0,0,-112.5,-26.46,1.705,311.3,33.24,0,5.438,6.847,3.379
"2014-08-17 02:00:00",197,12.39,-0.927,0.337,72.27,-0.24,72.85,0,0,-118.8,-26.04,2.94,211.9,20.63,0,5.321,6.729,3.244
"2014-08-17 02:10:00",198,12.39,-1.053,0.327,71.53,-0.188,71.86,0,0,-122.5,-25.4,2.862,184,35.54,0,5.215,6.681,3.118
"2014-08-17 02:20:00",199,12.39,-1.096,0.408,69.92,-0.138,70.19,0,0,-121.5,-27.62,2.92,201.2,22.54,0,5.088,6.582,3.002
"2014-08-17 02:30:00",200,12.39,-1.096,0.388,70.38,-0.159,70.57,0,0,-109.6,-26.14,3.489,173.3,22.02,0,4.971,6.514,2.896
"2014-08-17 02:40:00",201,12.39,-1.096,0.508,66.36,0.012,66.4,0,0,-108.2,-23.93,0.745,100.7,45.73,0,4.864,6.445,2.78
"2014-08-17 02:50:00",202,12.39,-1.076,0.752,61.39,0.145,62.44,0,0,-97,-23.82,2.234,54.45,51.88,0,4.767,6.327,2.625
"2014-08-17 03:00:00",203,12.39,-1.033,0.842,58.33,0.266,59.26,0,0,-112.2,-23.61,1.548,131.1,41.05,0,4.65,6.249,2.595
"2014-08-17 03:10:00",204,12.39,-1.033,0.944,54.88,0.286,56.43,0,0,-120.2,-24.46,2.705,196.8,36.33,0,4.544,6.142,2.499
"2014-08-17 03:20:00",205,12.39,-1.033,1.024,54.92,0.307,56.51,0,0,-122.1,-24.35,3.685,183.7,24.96,0,4.456,6.093,2.412
"2014-08-17 03:30:00",206,12.39,-0.99,1.176,53.04,0.57,54.18,0,0,-122.8,-22.56,3.587,161,29.92,0,4.379,6.035,2.335
"2014-08-17 03:40:00",207,12.39,-0.904,1.156,55.23,0.499,56.75,0,0,-122.5,-21.71,3.704,202.5,23.76,0,4.281,5.936,2.247
"2014-08-17 03:50:00",208,12.39,-0.861,1.166,56.42,0.469,57.4,0,0,-105.6,-21.71,2.019,199,17.85,0,4.203,5.858,2.189
"2014-08-17 04:00:00",209,12.39,-0.884,1.176,58.9,0.448,60.48,0,0,-114.9,-21.4,2.156,201.6,15.16,0,4.106,5.78,2.131
"2014-08-17 04:10:00",210,12.39,-0.884,0.934,64.04,0.165,65.96,0,0,-112.9,-20.66,2.43,194.3,12.09,0,4.019,5.701,2.034
"2014-08-17 04:20:00",211,12.39,-0.947,0.994,63.15,0.256,64.68,0,0,-107.6,-20.56,1.548,156.7,15.67,0,3.922,5.594,2.015
"2014-08-17 04:30:00",212,12.39,-1.01,0.752,65.07,0.044,66.55,0,0,-108.2,-20.24,1.176,147.9,44.07,0,3.893,5.555,1.966
"2014-08-17 04:40:00",213,12.38,-1.182,0.782,66.13,-0.249,70.01,0,0,-106.9,-20.34,0.706,243.3,37.68,0,3.786,5.487,1.918
"2014-08-17 04:50:00",214,12.38,-1.311,0.711,64.73,-0.078,67.27,0,0,-116.2,-20.56,2.195,149.1,75.44,0,3.709,5.409,1.851
"2014-08-17 05:00:00",215,12.38,-1.374,0.842,63.01,0.034,64.96,0,0,-116.8,-20.03,2.352,163.8,13.62,0,3.68,5.341,1.803
"2014-08-17 05:10:00",216,12.38,-1.374,0.59,64.96,-0.28,68.44,0,0,-112.2,-19.82,2.391,172.2,10.35,0,3.612,5.273,1.725
"2014-08-17 05:20:00",217,12.38,-1.394,0.508,65.72,-0.391,69.03,0,0,-111.6,-19.61,2.156,156.8,7.254,0,3.555,5.206,1.707
"2014-08-17 05:30:00",218,12.38,-1.437,0.62,63.06,-0.249,65.86,0,0,-115.5,-19.5,2.411,151.5,8.72,0,3.517,5.177,1.658
"2014-08-17 05:40:00",219,12.38,-1.46,0.57,64.62,-0.33,68.24,0,0,-115.5,-19.08,2.391,162.7,5.155,0,3.448,5.098,1.619
"2014-08-17 05:50:00",220,12.38,-1.46,0.398,64.92,-0.3,66.74,0.334,0,-111.2,-19.5,2.313,201,11.33,0,3.39,5.03,1.561
"2014-08-17 06:00:00",221,12.38,-1.437,0.337,66.08,-0.401,67.9,0.669,0.334,-109.2,-19.5,2.019,211.2,6.894,0,3.333,4.982,1.504
"2014-08-17 06:10:00",222,12.38,-1.5,0.054,65.89,-0.654,67.39,2.007,0.334,-109.6,-19.4,2.842,187.7,9.26,0,3.284,4.924,1.436
"2014-08-17 06:20:00",223,12.38,-1.566,0.024,65.63,-0.816,68.07,4.348,1.003,-104.9,-19.19,1.842,189.9,6.301,0,3.215,4.845,1.416
"2014-08-17 06:30:00",224,12.38,-1.692,0.074,62.06,-0.806,65.62,7.692,1.672,-106.9,-19.08,2.176,195.9,16.15,0,3.138,4.777,1.358
"2014-08-17 06:40:00",225,12.38,-1.801,-0.078,65.11,-0.907,68.13,10.37,2.007,-97.7,-18.87,1.47,179,14.81,0,3.08,4.748,1.271
"2014-08-17 06:50:00",226,12.38,-1.887,-0.118,64.16,-0.816,66.03,13.04,2.007,-92.4,-18.56,1.509,178.3,8.7,0,3.071,4.7,1.271
"2014-08-17 07:00:00",227,12.38,-1.97,-0.219,68.95,-0.958,69.41,14.72,2.007,-89.1,-18.34,0.96,202.4,11.32,0,3.004,4.633,1.243
"2014-08-17 07:10:00",228,12.38,-2.056,0.185,63.38,-0.958,68.78,16.39,2.341,-84.1,-18.03,0.431,182,9.41,0,2.947,4.566,1.196
"2014-08-17 07:20:00",229,12.37,-2.162,-0.219,69.6,-0.968,72.16,17.73,2.676,-83.1,-17.92,1,172.3,27.27,0,2.899,4.527,1.176
"2014-08-17 07:30:00",230,12.38,-2.271,0.195,63.07,-1.048,71.74,18.73,2.676,-78.46,-17.61,0.451,157.6,7.868,0,2.841,4.47,1.138
"2014-08-17 07:40:00",231,12.37,-2.334,0.044,64.94,-1.009,71.46,20.07,3.01,-79.12,-17.5,1,146.2,26.75,0,2.793,4.411,1.109
"2014-08-17 07:50:00",232,12.37,-2.314,0.58,59.97,-0.837,70.68,21.41,3.01,-75.48,-17.19,1.098,145.4,4.664,0,2.773,4.372,1.051
"2014-08-17 08:00:00",233,12.37,-2.228,0.57,64.73,-0.796,71.61,22.41,3.345,-71.84,-16.87,1.117,221.7,26.37,0,2.735,4.324,1.031
"2014-08-17 08:10:00",234,12.37,-2.185,0.327,61.23,-0.746,71.99,23.75,3.679,-66.54,-16.76,0.51,118.5,38.6,0,2.667,4.275,1.032
"2014-08-17 08:20:00",235,12.37,-2.122,0.651,61.23,-0.522,69.76,24.42,4.014,-64.23,-16.45,0.666,107,12.68,0,2.647,4.236,1.002
"2014-08-17 08:30:00",236,12.37,-2.056,0.508,64.72,-0.644,71.91,25.42,4.348,-65.22,-16.55,0.627,224,59.93,0,2.618,4.187,1.002
"2014-08-17 08:40:00",237,12.37,-2.036,0.782,59.03,-0.584,69.67,26.42,4.683,-64.89,-16.03,0.804,132,33.48,0,2.589,4.148,0.943
"2014-08-17 08:50:00",238,12.37,-1.97,0.934,58.31,-0.401,68.31,27.43,5.352,-62.9,-15.82,0.96,125.6,4.666,0,2.56,4.08,0.973
"2014-08-17 09:00:00",239,12.37,-1.844,1.076,53.85,-0.28,65.02,28.43,6.021,-61.91,-15.39,0.725,110.6,6.161,0,2.55,4.061,0.944
"2014-08-17 09:10:00",240,12.38,-1.46,2.34,49.85,0.651,62.98,502,104.7,389.6,-14.87,0.353,117,1.196,0,2.502,4.042,0.934
"2014-08-17 09:20:00",241,12.38,-0.181,3.078,51.14,2.502,56.57,539.4,120.7,396.9,-10.65,0.843,114.4,5.199,0,2.462,4.002,0.924
"2014-08-17 09:30:00",242,12.38,1.373,3.825,48.26,3.866,50.81,572.9,123.4,369.7,-11.07,0.745,61.55,22.43,0,2.44,3.941,0.931
"2014-08-17 09:40:00",243,12.39,2.758,3.966,48.4,3.966,49.27,613.3,126.1,360.4,-10.86,0.686,36.26,14.22,0,2.388,3.927,0.908
"2014-08-17 09:50:00",244,12.4,3.935,3.562,54.31,3.906,52.65,637.7,128.8,391.5,-8.33,1.156,42.19,34.03,0,2.403,3.903,0.903
"2014-08-17 10:00:00",245,12.41,4.816,4.068,52.41,4.361,52.39,670.7,131.7,496.4,-5.902,0.647,69.64,15.65,0,2.399,3.861,0.939
"2014-08-17 10:10:00",246,12.41,5.528,3.896,54.74,4.28,52.14,704.4,133.7,523.5,-1.791,1.254,57.88,45.2,0,2.357,3.838,1.003
"2014-08-17 10:20:00",247,12.42,6.134,4.18,53.49,4.573,54.14,736.8,135.7,540.9,0.948,1.196,110,28.9,0,2.393,3.787,1.165
"2014-08-17 10:30:00",248,12.43,6.524,3.896,56.35,4.512,55.07,750.9,137.1,572.4,3.688,1.999,354.6,115.7,0,2.46,3.747,1.677
"2014-08-17 10:40:00",249,12.43,6.832,3.956,60.99,4.462,59.29,766.3,138.4,596.8,4.32,1.862,0.68,72.95,0,2.547,3.747,2.305
"2014-08-17 10:50:00",250,12.44,7.028,3.886,59.17,4.351,58.46,788,140.4,632.2,4.531,1.646,353.1,170,0,2.739,3.775,2.846
"2014-08-17 11:00:00",251,12.44,7.202,4.29,60.16,4.785,59.4,809,141.8,647.7,4.425,2.352,0.049,155.9,0,2.978,3.781,3.539
"2014-08-17 11:10:00",252,12.45,7.29,4.512,59.3,5.159,58.65,829,143.4,673.5,4.846,2.097,4.81,166.3,0,3.207,3.817,4.399
"2014-08-17 11:20:00",253,12.45,7.333,4.614,58.88,5.088,57.62,849,144.4,687.1,3.582,2.391,353.8,117.4,0,3.449,3.817,5.195
"2014-08-17 11:30:00",254,12.45,7.356,4.886,57.79,5.522,56.58,868,145.4,688.8,4.32,1.921,12.66,163.9,0,3.816,3.884,6.013
"2014-08-17 11:40:00",255,12.45,7.421,4.835,57.08,5.805,55.27,885,146.8,718.2,3.687,3.018,18.85,102.7,0,4.135,3.98,6.786
"2014-08-17 11:50:00",256,12.46,7.464,6.178,54.26,6.764,56.51,902,147.1,725.1,4.741,3.214,354.5,86,0,4.552,4.115,7.336
"2014-08-17 12:00:00",257,12.46,7.618,6.248,53.05,6.936,52.86,918,147.4,738.4,5.584,3.234,350.4,111.5,0,4.96,4.232,7.968
"2014-08-17 12:10:00",258,12.46,7.706,5.805,56.04,6.592,56.07,929,147.8,767.8,4.425,2.92,2.21,141.3,0,5.349,4.367,8.71
"2014-08-17 12:20:00",259,12.46,7.862,5.986,56.86,6.764,55.33,942,149.1,760.9,4.425,2.019,7.19,165.1,0,5.728,4.512,9.34
"2014-08-17 12:30:00",260,12.47,8.06,6.613,50.41,7.056,49.9,949,149.8,756.6,4.53,1.509,354.5,159.8,0,6.138,4.677,10.12
"2014-08-17 12:40:00",261,12.47,8.37,6.248,51.68,7.118,50.39,959,149.4,789.3,3.582,1.607,17.05,116.1,0,6.587,4.88,10.88
"2014-08-17 12:50:00",262,12.47,8.59,6.704,49.58,7.46,50.23,964,149.8,763.9,3.055,2.136,36.1,65.59,0,7.009,5.065,11.54
"2014-08-17 13:00:00",263,12.47,8.83,6.41,58.74,7.289,56.94,967,149.8,779.4,2.002,2.96,19.82,115.4,0,7.452,5.26,12.19
"2014-08-17 13:10:00",264,12.47,8.99,6.794,47.47,7.571,46.9,972,149.1,795.5,1.58,3.018,353,34.27,0,7.916,5.484,12.78
"2014-08-17 13:20:00",265,12.48,9.12,6.41,57.74,7.359,55.51,972,146.1,793.8,2.001,2.626,41.78,115,0,8.32,5.688,13.31
"2014-08-17 13:30:00",266,12.47,9.19,6.714,54.07,7.682,52.72,985,145.7,810,1.053,3.195,9.62,44.91,0,8.78,5.903,13.83
"2014-08-17 13:40:00",267,12.48,9.37,6.936,50.82,7.904,50.92,988,149.4,790.9,5.794,2.156,33.18,151.2,0,9.16,6.118,14.38
"2014-08-17 13:50:00",268,12.48,9.75,7.097,54.73,7.944,51.59,975,147.1,811,5.162,2.705,-1.385,96.4,0,9.6,6.372,14.95
"2014-08-17 14:00:00",269,12.48,10,7.289,56.91,8.29,55.29,965,145.7,773,9.59,4.057,2.526,152,0,9.97,6.626,15.43
"2014-08-17 14:10:00",270,12.49,10.2,7.4,54,8.64,52.59,948,143.1,746.5,10.53,2.587,15.21,108.9,0,10.4,6.89,15.87
"2014-08-17 14:20:00",271,12.49,10.38,7.248,52.84,8.14,49.78,953,143.1,788.9,11.59,1.842,4.567,162,0,10.8,7.125,16.23
"2014-08-17 14:30:00",272,12.49,10.56,7.874,57.68,8.65,55.5,932,140.1,730.6,16.75,2.685,27.33,157.5,0,11.17,7.34,16.65
"2014-08-17 14:40:00",273,12.49,10.88,8.71,53.74,9.53,52.3,930,142.7,792.1,28.97,4.371,229.2,106.3,0,11.54,7.645,17.18
"2014-08-17 14:50:00",274,12.49,11.27,8.5,48.28,9.97,46.35,910,142.1,769.9,36.87,1.862,224.8,38.69,0,11.9,7.911,17.53
"2014-08-17 15:00:00",275,12.5,11.7,8.4,52.29,9.34,49.82,669.9,110,520.9,36.34,2.901,23.87,141.4,0,12.26,8.11,17.9
"2014-08-17 15:10:00",276,12.5,11.79,8.59,55.57,9.35,55.42,918,164.8,722.3,27.28,3.195,278.4,124,0,12.54,8.37,18.09
"2014-08-17 15:20:00",277,12.49,11.96,8.99,48.55,9.74,47.49,962,156.8,831,41.71,3.234,204.2,39.79,0,12.88,8.64,18.21
"2014-08-17 15:30:00",278,12.5,12.26,9.24,49.96,9.54,48.57,870,138.4,705.4,46.87,2.528,172.6,70.32,0,13.16,8.89,18.55
"2014-08-17 15:40:00",279,12.5,12.49,8.63,49.69,9.32,47.37,845,133.7,691.5,39.6,1.842,176.5,16.67,0,13.4,9.1,18.71
"2014-08-17 15:50:00",280,12.5,12.63,8.87,52.45,9.64,51.77,796.5,126.3,688.9,36.34,5.155,214.3,40.11,0,13.67,9.37,18.73
"2014-08-17 16:00:00",281,12.51,12.65,8.51,53.77,9.5,52.38,809,128.4,636.7,38.02,2.195,222.8,27.22,0,13.9,9.6,18.72
"2014-08-17 16:10:00",282,12.51,12.67,8.67,52.21,9.6,51.31,773.8,123,662.5,40.87,2.96,208.6,38.56,0,14.06,9.78,18.75
"2014-08-17 16:20:00",283,12.51,12.72,8.95,52.25,9.49,50.21,608.4,120.3,561.3,42.24,1.921,246.2,25.94,0,14.18,10,18.82
"2014-08-17 16:30:00",284,12.51,12.79,8.9,53.62,9.6,51.98,718.7,115,532.1,39.81,1.627,207.1,42.67,0,14.4,10.16,18.87
"2014-08-17 16:40:00",285,12.51,12.84,8.51,53.02,9.6,51.73,688.6,111,530.2,36.87,3.704,209.1,30.11,0,14.49,10.4,18.82
"2014-08-17 16:50:00",286,12.51,12.79,8.59,49.44,9.36,47.69,648.1,105,473.3,37.29,2.234,211.7,28.56,0,14.65,10.54,18.75
"2014-08-17 17:00:00",287,12.51,12.72,8.59,50.72,9.42,48.79,621.7,101.3,474.3,30.97,3.724,235.8,26.02,0,14.77,10.73,18.7
"2014-08-17 17:10:00",288,12.51,12.65,9.07,50.57,9.82,48.11,595,97.6,437.6,30.65,3.763,209.1,27.2,0,14.87,10.88,18.56
"2014-08-17 17:20:00",289,12.51,12.53,8.62,52.14,9.5,49.75,524.5,86.6,333,27.7,2.548,252.1,15.83,0,14.92,11.06,18.34
"2014-08-17 17:30:00",290,12.51,12.49,8.95,51.4,9.62,49.49,440.2,73.54,310.6,23.17,4.684,209.7,24.75,0,14.93,11.18,18.19
"2014-08-17 17:40:00",291,12.51,12.3,8.92,52.42,9.66,50.59,464.9,77.88,316.2,21.7,2.234,199.6,21.05,0,14.96,11.31,17.88
"2014-08-17 17:50:00",292,12.51,12.21,8.59,52.62,9.4,50.07,444.9,75.88,296,18.12,2.234,211.8,22.63,0,14.92,11.43,17.66
"2014-08-17 18:00:00",293,12.51,12.09,8.81,54.83,9.34,53.6,268.1,47.47,135.9,14.32,1.94,180.7,21.67,0,14.92,11.55,17.36
"2014-08-17 18:10:00",294,12.51,11.86,8.43,55.1,8.9,53.92,89.9,69.52,282.1,5.898,1.999,185.1,25.82,0,14.87,11.67,17.14
"2014-08-17 18:20:00",295,12.51,11.56,8.29,54.13,8.69,52.33,98.3,55.48,174.9,1.264,2.862,222.6,17.9,0,14.79,11.69,16.79
"2014-08-17 18:30:00",296,12.51,11.22,8.15,58.11,8.3,56.69,281.4,49.47,131.3,-2.633,1.96,155.8,19.54,0,14.7,11.77,16.33
"2014-08-17 18:40:00",297,12.5,10.79,7.622,60.22,7.854,59.29,87.2,15.38,-35.39,-6.214,4.292,227.6,19.3,0,14.59,11.83,15.89
"2014-08-17 18:50:00",298,12.5,10.27,7.5,62,7.318,61.13,88.9,14.71,-24.81,-11.48,3.116,218.4,19.01,0,14.44,11.86,15.47
"2014-08-17 19:00:00",299,12.5,9.71,7.289,60.89,7.097,60.45,98.6,17.38,-8.93,-9.9,1.784,221.5,21.54,0,14.27,11.88,15.05
"2014-08-17 19:10:00",300,12.5,9.15,7.178,60.35,6.956,59.5,43.13,8.02,-77.08,-17.49,3.959,222.8,14,0,14.08,11.9,14.64
"2014-08-17 19:20:00",301,12.49,8.59,7.016,59.88,6.733,59.72,75.23,13.37,-31.43,-22.44,4.567,245.5,11.9,0,13.9,11.95,14.16
"2014-08-17 19:30:00",302,12.49,8.17,6.834,62.8,6.572,62.19,49.48,9.03,-64.18,-20.86,5.076,228.7,13.62,0,13.66,11.93,13.7
"2014-08-17 19:40:00",303,12.49,7.794,7.026,58.81,6.694,59.19,29.76,5.015,-88,-21.39,2.999,221.1,11.57,0,13.4,11.88,13.27
"2014-08-17 19:50:00",304,12.48,7.421,6.956,59.06,6.491,59.48,17.05,2.675,-104.2,-21.92,1.725,189.1,23.32,0,13.17,11.86,12.84
"2014-08-17 20:00:00",305,12.48,7.094,6.866,59.92,6.38,60.77,13.37,2.006,-101.6,-23.39,3.704,246,23.56,0,12.94,11.77,12.44
"2014-08-17 20:10:00",306,12.48,6.809,6.662,60.78,6.168,61.16,8.36,1.672,-103.6,-24.34,3.842,245.2,20.08,0,12.74,11.76,12.03
"2014-08-17 20:20:00",307,12.47,6.524,6.491,61.08,6.028,61.23,4.347,1.003,-100.3,-23.18,0.902,200.7,27.51,0,12.5,11.69,11.73
"2014-08-17 20:30:00",308,12.47,6.265,6.41,62.36,5.896,62.53,3.009,0.669,-95.6,-24.45,2.626,228.5,16.94,0,12.27,11.57,11.39
"2014-08-17 20:40:00",309,12.47,6.025,6.007,65.91,5.592,65.16,0.669,0.334,-106.2,-22.55,0,280.4,54.81,0,12,11.53,11.05
"2014-08-17 20:50:00",310,12.47,5.657,5.704,68.73,5.361,68.27,0.334,0,-113.5,-22.76,0,12.1,92.7,0,11.84,11.46,10.78
"2014-08-17 21:00:00",311,12.46,5.225,4.956,78.11,4.594,78.27,0,0,-113.5,-22.97,0.725,60.75,111.1,0,11.63,11.38,10.55
"2014-08-17 21:10:00",312,12.46,4.816,5.18,73.36,4.674,73.5,0,0,-112.2,-23.82,1.588,30.93,126.4,0,11.42,11.25,10.3
"2014-08-17 21:20:00",313,12.46,4.451,5.128,74.61,4.594,75.15,0,0,-110.2,-24.55,1.039,132.4,91.6,0,11.24,11.17,9.99
"2014-08-17 21:30:00",314,12.45,4.15,5.018,74.83,4.452,74.69,0,0,-113.5,-24.55,0.372,325.7,109.4,0,11.05,11.07,9.77
"2014-08-17 21:40:00",315,12.45,3.827,4.866,76.26,4.27,77.59,0,0,-108.9,-24.24,1,97.8,128.1,0,10.86,10.94,9.52
"2014-08-17 21:50:00",316,12.45,3.592,5.028,72.07,4.33,73.95,0,0,-110.9,-24.45,0.47,175.5,40.28,0,10.71,10.89,9.31
"2014-08-17 22:00:00",317,12.45,3.4,5.159,69.94,4.552,71.09,0,0,-108.9,-24.56,0.157,29.84,138.8,0,10.51,10.77,9.07
"2014-08-17 22:10:00",318,12.44,3.249,4.997,69.85,4.33,72.48,0,0,-110.2,-24.35,0.745,164.4,32.17,0,10.35,10.67,8.87
"2014-08-17 22:20:00",319,12.44,3.099,5.28,65.3,4.189,71.18,0,0,-110.2,-24.45,1.607,145,20.18,0,10.2,10.61,8.69
"2014-08-17 22:30:00",320,12.43,3.036,5.744,58.51,4.694,63.72,0,0,-112.9,-23.93,0,110.8,18.92,0,10.01,10.53,8.42
"2014-08-17 22:40:00",321,12.44,2.993,5.2,66.33,4.158,71.01,0,0,-111.5,-24.14,1.254,200.8,38.32,0,9.87,10.43,8.23
"2014-08-17 22:50:00",322,12.43,2.907,3.542,89.7,3.159,88,0,0,-107.6,-23.61,0.431,88.3,112.6,0,9.72,10.33,8.09
"2014-08-17 23:00:00",323,12.43,2.695,3.198,92.5,2.836,90.3,0,0,-109.6,-24.03,0.216,17.35,91.9,0,9.58,10.22,7.896
"2014-08-17 23:10:00",324,12.43,2.417,3.208,93.8,2.664,91.3,0,0,-107.6,-23.93,0.392,173.6,86,0,9.37,10.12,7.748
"2014-08-17 23:20:00",325,12.43,2.203,3.007,93.9,2.552,92,0,0,-67.85,-23.61,0.706,45.23,63.77,0,9.26,10.01,7.591
"2014-08-17 23:30:00",326,12.43,2.096,2.916,95.1,2.612,93.4,0,0,-42.03,-20.13,0.235,45.45,0.108,0,9.09,9.93,7.443
"2014-08-17 23:40:00",327,12.43,2.119,2.754,95.6,2.562,93.9,0,0,-31.77,-17.18,0.647,120.7,26.04,0,8.98,9.83,7.323
"2014-08-17 23:50:00",328,12.42,2.162,2.471,95.9,2.228,94.1,0,0,-76.12,-17.08,0.941,198.8,26.3,0,8.86,9.75,7.333
"2014-08-18 00:00:00",329,12.42,2.119,2.633,96.6,2.249,94.9,0,0,-88.4,-18.87,0.706,97,54.92,0,8.74,9.65,7.214
"2014-08-18 00:10:00",330,12.42,1.99,2.774,96.8,2.268,95.1,0,0,-104.3,-20.45,1.313,253,105.8,0,8.68,9.53,7.118
"2014-08-18 00:20:00",331,12.42,1.884,2.794,97,2.259,95.2,0,0,-113.5,-21.29,1.529,193,51.43,0,8.54,9.49,6.97
"2014-08-18 00:30:00",332,12.42,1.778,2.693,97.1,2.148,95.4,0,0,-109.6,-22.03,0,163.2,19.28,0,8.41,9.39,6.803
"2014-08-18 00:40:00",333,12.41,1.606,2.774,97.4,2.208,95.5,0,0,-108.2,-22.45,0.764,141.3,23.02,0,8.34,9.31,6.694
"2014-08-18 00:50:00",334,12.41,1.48,2.754,97.4,2.228,95.5,0,0,-106.9,-22.56,0,32.66,107.7,0,8.21,9.2,6.519
"2014-08-18 01:00:00",335,12.42,1.351,2.602,97.4,1.864,95.1,0,0,-107.6,-22.87,0,238.8,54.91,0,8.11,9.12,6.354
"2014-08-18 01:10:00",336,12.41,1.202,2.693,97.4,1.986,95.4,0,0,-108.2,-22.98,0.686,191.4,46.16,0,8.01,9.05,6.228
"2014-08-18 01:20:00",337,12.41,1.118,2.774,97.1,1.824,94.9,0,0,-104.3,-22.77,1.352,275.4,31.1,0,7.891,8.99,6.092
"2014-08-18 01:30:00",338,12.41,1.096,3.017,96.1,2.208,95.2,0,0,-104.3,-22.45,0.882,77.68,84.5,0,7.775,8.91,5.947
"2014-08-18 01:40:00",339,12.41,1.075,2.764,94.8,1.804,94.2,0,0,-106.2,-22.45,0.921,177.5,78.18,0,7.647,8.81,5.792
"2014-08-18 01:50:00",340,12.41,1.012,2.896,94.2,1.834,94.4,0,0,-107.6,-22.24,1.333,157.5,29.65,0,7.548,8.75,5.694
"2014-08-18 02:00:00",341,12.41,0.969,2.794,92.9,1.702,93.7,0,0,-104.9,-22.13,0,160.7,75.79,0,7.421,8.65,5.558
"2014-08-18 02:10:00",342,12.41,0.883,2.664,93.9,1.773,94.3,0,0,-104.3,-22.24,0.333,74.18,38.77,0,7.353,8.58,5.462
"2014-08-18 02:20:00",343,12.41,0.777,1.966,94.9,1.066,94.2,0,0,-104.6,-22.13,0,213.8,54.74,0,7.227,8.5,5.347
"2014-08-18 02:30:00",344,12.41,0.608,2.006,95.9,1.096,95.2,0,0,-110.5,-22.56,1.254,181.2,78.02,0,7.117,8.4,5.219
"2014-08-18 02:40:00",345,12.4,0.522,2.37,96.4,1.348,95.4,0,0,-104.9,-22.35,0.647,155.7,18.72,0,7.02,8.33,5.122
"2014-08-18 02:50:00",346,12.4,0.436,2.492,96.3,1.47,95.5,0,0,-110.2,-22.35,1.352,168.5,25.51,0,6.873,8.23,4.996
"2014-08-18 03:00:00",347,12.4,0.415,2.36,95.4,1.48,95.3,0,0,-107.6,-22.03,0.353,15.41,50.38,0,6.824,8.18,4.889
"2014-08-18 03:10:00",348,12.4,0.393,2.643,95.8,1.42,95.2,0,0,-104.3,-21.82,0.902,220.7,49.84,0,6.717,8.1,4.755
"2014-08-18 03:20:00",349,12.4,0.393,2.35,95.1,1.156,94.9,0,0,-102.6,-21.61,0.862,157.5,21.21,0,6.62,8.02,4.659
"2014-08-18 03:30:00",350,12.4,0.373,2.128,94.8,1.024,95,0,0,-102.3,-21.61,1.392,182.2,92.6,0,6.521,7.929,4.58
"2014-08-18 03:40:00",351,12.4,0.33,2.268,95.3,1.238,95.4,0,0,-102.3,-21.5,0.431,221.7,16.65,0,6.392,7.829,4.481
"2014-08-18 03:50:00",352,12.4,0.287,2.228,95,1.126,95,0,0,-103.6,-21.61,1.196,189,71.83,0,6.323,7.749,4.364
"2014-08-18 04:00:00",353,12.39,0.287,2.471,94.8,1.298,95.2,0,0,-99,-20.87,1.352,248.3,51.44,0,6.244,7.709,4.296
"2014-08-18 04:10:00",354,12.4,0.309,2.37,94.8,1.42,95.4,0,0,-103.6,-20.66,0,100.6,65.65,0,6.157,7.631,4.2
"2014-08-18 04:20:00",355,12.39,0.287,0.975,94.6,0.256,94.5,0,0,-104.3,-19.71,0,104,87.7,0,6.069,7.553,4.123
"2014-08-18 04:30:00",356,12.39,0.138,1.753,96.5,0.914,95.9,0,0,-110.9,-20.45,1.764,190,30.58,0,5.962,7.454,4.006
"2014-08-18 04:40:00",357,12.39,0.097,1.358,96.5,0.57,95.7,0,0,-101.6,-20.03,0,336.2,107.7,0,5.904,7.395,3.968
"2014-08-18 04:50:00",358,12.39,-0.012,1.156,96.8,0.54,96.1,0,0,-100.9,-19.71,0.804,146.4,61.03,0,5.825,7.296,3.861
"2014-08-18 05:00:00",359,12.39,-0.052,0.792,97,0.438,96.1,0,0,-46.01,-17.18,0,58.53,122.3,0,5.698,7.217,3.822
"2014-08-18 05:10:00",360,12.39,-0.032,0.752,97.3,0.388,96.3,0,0,-23.5,-15.81,1.509,82.5,62.55,0,5.63,7.149,3.793
"2014-08-18 05:20:00",361,12.39,0.031,0.934,97.5,0.61,96.5,0,0,-10.92,-13.91,0.902,140.5,137.1,0,5.591,7.109,3.813
"2014-08-18 05:30:00",362,12.39,0.138,0.894,97.6,0.631,96.6,0,0,-42.7,-12.54,0,170.2,48.09,0,5.523,7.041,3.861
"2014-08-18 05:40:00",363,12.39,0.16,0.59,97.7,0.266,96.6,0,0,-73.15,-14.55,1.294,115.4,59.78,0,5.514,6.983,3.852
"2014-08-18 05:50:00",364,12.39,0.097,0.852,97.9,0.469,96.8,0,0,-40.05,-16.34,1.098,42.68,101.5,0,5.454,6.863,3.841
"2014-08-18 06:00:00",365,12.39,0.074,0.852,98,0.508,96.9,0.334,0.334,-10.59,-14.76,1.45,60.65,126.9,0,5.406,6.854,3.793
"2014-08-18 06:10:00",366,12.39,0.16,0.68,98,0.428,96.8,1.672,0.334,-32.1,-12.54,0,115.4,82.3,0,5.367,6.785,3.793
"2014-08-18 06:20:00",367,12.39,0.181,0.469,98,0.185,96.7,2.675,0.669,-15.56,-12.44,0,219.4,18.7,0,5.327,6.735,3.783
"2014-08-18 06:30:00",368,12.39,0.203,0.57,98.2,0.378,97,4.347,1.003,-33.1,-11.59,1.039,277.9,56.76,0,5.278,6.656,3.772
"2014-08-18 06:40:00",369,12.39,0.266,0.711,98.3,0.499,97.1,5.016,1.003,-3.31,-10.54,0.941,206.1,78.74,0,5.258,6.626,3.83
"2014-08-18 06:50:00",370,12.39,0.352,0.651,98.2,0.448,97,7.692,1.338,-2.648,-10.33,0.314,234.7,23.93,0,5.229,6.587,3.869
"2014-08-18 07:00:00",371,12.39,0.393,0.6,98.3,0.408,97,11.7,2.341,1.986,-9.7,0.431,257.6,33.34,0,5.191,6.529,3.889
"2014-08-18 07:10:00",372,12.39,0.479,0.692,98.3,0.55,97.1,10.7,2.006,-1.324,-9.38,1.274,192.6,30.16,0,5.2,6.48,3.918
"2014-08-18 07:20:00",373,12.39,0.522,0.346,98.3,0.226,97,20.4,3.679,3.972,-9.7,1.627,216.2,31.33,0,5.17,6.381,3.956
"2014-08-18 07:30:00",374,12.4,0.479,0.55,98.5,0.286,97.2,26.75,5.685,8.94,-10.54,0.549,348.1,112.2,0,5.151,6.391,3.947
"2014-08-18 07:40:00",375,12.39,0.522,1.035,98.6,0.813,97.3,70.9,15.05,51.3,-7.273,1.078,345,106.5,0,5.141,6.371,3.975
"2014-08-18 07:50:00",376,12.4,0.648,1.176,98.5,0.934,97.2,60.86,12.71,43.36,-4.954,0.608,275.2,54.18,0,5.14,6.321,4.023
"2014-08-18 08:00:00",377,12.39,0.797,1.096,98.5,0.964,97.2,34.11,7.023,20.52,-5.059,1.058,215.5,96.9,0,5.101,6.262,4.149
"2014-08-18 08:10:00",378,12.39,0.883,0.852,98.5,0.732,97.2,93.3,19.06,83.1,-4.216,0.862,152.4,15.38,0,5.138,6.202,4.177
"2014-08-18 08:20:00",379,12.4,0.969,1.035,98.4,0.864,97.1,119.4,26.42,84.7,-0.738,0.568,17.89,34.01,0,5.108,6.23,4.292
"2014-08-18 08:30:00",380,12.4,1.096,1.318,98.4,1.096,97,126.7,27.42,97.6,2.951,0.431,58.86,83.1,0,5.147,6.162,4.389
"2014-08-18 08:40:00",381,12.4,1.33,1.379,98.3,1.258,96.9,115,24.41,87.7,4.743,1.392,170.4,42.35,0,5.137,6.142,4.612
"2014-08-18 08:50:00",382,12.4,1.48,1.217,98.3,1.196,97,166.2,35.11,134.7,3.795,1.666,165.7,19.63,0,5.232,6.14,4.785
"2014-08-18 09:00:00",383,12.4,1.586,1.228,98.3,1.166,96.9,60.53,18.39,-34.75,0,2.234,194.4,17.24,0,5.251,6.139,4.959
"2014-08-18 09:10:00",384,12.4,1.5,1.884,98.6,1.582,97.3,181.9,40.13,137.4,-8.01,1.372,243.9,23.14,0,5.337,6.117,4.908
"2014-08-18 09:20:00",385,12.4,1.99,2.39,97.7,2.39,96.9,540.1,138.8,372.3,-8.01,1.176,7.631,109.2,0,5.376,6.089,4.812
"2014-08-18 09:30:00",386,12.41,2.907,2.956,96.8,2.997,95.9,575.9,142.1,370.7,-5.903,0,17.5,21.99,0,5.384,6.126,4.733
"2014-08-18 09:40:00",387,12.41,3.807,3.765,95.7,3.522,94.9,590.6,138.1,252.5,-4.111,1.744,22.65,35.55,0,5.335,6.106,4.742
"2014-08-18 09:50:00",388,12.41,4.751,4.047,90.8,4.118,90.3,654.7,148.8,232,-1.792,1.058,77.76,34.06,0,5.373,6.125,4.799
"2014-08-18 10:00:00",389,12.42,5.571,4.432,86.3,4.614,86.1,627.6,136.4,368,-0.738,1.47,10.79,114.5,0,5.381,6.132,4.885
"2014-08-18 10:10:00",390,12.42,6.156,4.209,86.3,4.228,84.9,614.2,130.1,472.8,-1.37,0.784,354.6,153,0,5.408,6.091,5.018
"2014-08-18 10:20:00",391,12.43,6.613,4.502,86.3,4.876,83.6,735.2,149.8,540.3,0.421,2.195,4.471,161,0,5.456,6.119,5.387
"2014-08-18 10:30:00",392,12.43,6.963,4.462,87.4,5.219,85.5,744.5,149.8,552.2,0.948,2.47,15.16,135,0,5.543,6.109,5.943
"2014-08-18 10:40:00",393,12.44,7.268,4.835,84.7,5.3,81.5,762.2,150.1,573.3,0.737,2.332,25.51,158.3,0,5.679,6.119,6.402
"2014-08-18 10:50:00",394,12.44,7.598,5.572,82.7,5.896,79.15,787,151.4,614,0.843,0.804,33.69,118.3,0,5.902,6.117,6.626
"2014-08-18 11:00:00",395,12.44,8.04,5.896,79.87,6.108,76.82,812,152.1,631.5,0.948,1.803,18,144.5,0,6.036,6.182,7.025
"2014-08-18 11:10:00",396,12.45,8.35,5.886,81.9,6.452,77.98,837,152.5,660.7,1.264,1.392,43.43,126.4,0,6.218,6.237,7.741
"2014-08-18 11:20:00",397,12.45,8.63,6.259,79.41,7.178,77,865,152.1,673.9,1.58,3.136,21.96,145.8,0,6.451,6.265,8.46
"2014-08-18 11:30:00",398,12.45,8.86,7.066,72.95,7.561,72.19,916,156.1,694.7,4.214,1.803,148.8,119.4,0,6.725,6.333,9.2
"2014-08-18 11:40:00",399,12.46,8.9,7.198,68.68,7.904,66.8,910,149.8,816,10.01,4.567,173.4,15.02,0,7.108,6.431,9.83
"2014-08-18 11:50:00",400,12.46,8.92,7.864,65.54,8.58,64.52,917,148.4,767.4,8.11,4.704,189.3,15.72,0,7.432,6.548,10.12
"2014-08-18 12:00:00",401,12.46,9.12,7.43,74.97,8.46,69.79,920,146.7,723.8,9.9,3.234,30.12,94.3,0,7.738,6.646,10.57
"2014-08-18 12:10:00",402,12.46,9.41,7.157,77.56,8.26,74.76,947,150.1,763.1,6.215,1.784,316.2,142.2,0,8.05,6.784,11.26
"2014-08-18 12:20:00",403,12.47,9.75,8.56,66.63,9.2,64.54,969,152.8,714.5,6.742,2.411,306.2,99.3,0,8.38,6.941,11.99
"2014-08-18 12:30:00",404,12.47,10.11,7.5,79.61,8.24,74.51,978,153.4,785.2,8.01,0.843,44.4,105,0,8.76,7.068,12.75
"2014-08-18 12:40:00",405,12.47,10.45,8.37,68.7,8.87,67.26,992,154.8,768.7,7.9,1.725,147.2,102.7,0,9.11,7.234,13.5
"2014-08-18 12:50:00",406,12.47,10.77,8.05,65.11,8.82,61.87,1013,157.4,912,14.33,2.744,163.7,23.59,0,9.58,7.391,14.22
"2014-08-18 13:00:00",407,12.48,10.93,8.37,61.91,9.11,59.26,1018,156.1,855,16.22,0.921,161.6,21.06,0,10.01,7.587,14.81
"2014-08-18 13:10:00",408,12.48,11.15,8.81,59.92,9.92,55.84,1022,156.4,917,16.64,3.136,209.2,21.6,0,10.39,7.774,15.29
"2014-08-18 13:20:00",409,12.48,11.36,8.85,63.5,9.81,59.52,1025,156.4,909,19.49,5.468,165.9,26.09,0,10.8,8.02,15.86
"2014-08-18 13:30:00",410,12.49,11.43,8.48,63.61,9.56,60.3,1008,153.4,919,18.22,4.234,148.6,18.95,0,11.21,8.22,16.19
"2014-08-18 13:40:00",411,12.49,11.49,8.37,64.71,9.55,59.65,1047,158.4,920,20.64,3.352,118,24.26,0,11.58,8.41,16.57
"2014-08-18 13:50:00",412,12.49,11.63,9.45,58.17,10.38,55.64,1061,160.4,904,23.38,3.43,206.6,28.06,0,11.93,8.63,17.15
"2014-08-18 14:00:00",413,12.49,11.93,9.72,58.98,11.04,54.57,1035,157.8,873,24.44,4.018,174.3,39.67,0,12.24,8.88,17.53
"2014-08-18 14:10:00",414,12.49,12.26,9.34,59.65,10.5,55.09,1003,151.7,796.7,26.44,3.116,116.8,51.61,0,12.57,9.07,17.96
"2014-08-18 14:20:00",415,12.49,12.51,9.45,56.87,10.71,52.98,985,148.7,797.4,18.85,3.548,239,52.63,0,12.99,9.26,18.38
"2014-08-18 14:30:00",416,12.49,12.7,9.94,56.58,10.96,51.41,963,144.7,773.9,24.12,1.196,98.9,55.11,0,13.28,9.51,18.68
"2014-08-18 14:40:00",417,12.49,12.95,9.7,54.07,10.93,50.71,944,144.4,783.2,26.33,3.371,169.9,41.97,0,13.56,9.75,18.98
"2014-08-18 14:50:00",418,12.49,13.21,10.57,53.05,11.19,51.6,943,147.1,786.8,35.07,2.881,206.8,66.96,0,13.88,9.95,19.24
"2014-08-18 15:00:00",419,12.5,13.45,9.62,56.54,10.91,52.28,914,150.1,698.2,29.39,2.666,209.9,27.99,0,14.21,10.18,19.52
"2014-08-18 15:10:00",420,12.5,13.54,9.82,59.35,11.13,55.15,913,160.1,727.6,26.65,5.527,234.3,30.5,0,14.49,10.44,19.71
"2014-08-18 15:20:00",421,12.5,13.59,10.18,54.11,11.19,50.47,885,141.7,742.5,35.6,5.802,202.2,25.24,0,14.73,10.61,19.84
"2014-08-18 15:30:00",422,12.5,13.61,9.76,56.44,10.91,53.4,873,136.4,748.1,35.6,2.685,218.7,15.14,0,14.96,10.84,19.94
"2014-08-18 15:40:00",423,12.51,13.66,10.15,54.07,11.08,51.82,852,133,674,35.81,4.469,218.2,31.68,0,15.21,11.05,19.99
"2014-08-18 15:50:00",424,12.51,13.73,9.98,51.43,10.72,48.54,825,128.4,643.2,40.44,3.489,220.8,27.77,0,15.39,11.3,20.06
"2014-08-18 16:00:00",425,12.51,13.71,10.46,52.82,11.2,50.17,797.2,124.3,643.2,34.55,3.097,206.3,21.48,0,15.58,11.52,19.98
"2014-08-18 16:10:00",426,12.51,13.66,10.18,47.42,11.07,45.13,778.8,122,640.3,35.39,3.881,232.4,25.54,0,15.69,11.67,19.89
"2014-08-18 16:20:00",427,12.51,13.66,10.15,52.12,10.99,50.23,584.9,117.7,584.7,39.07,4.43,158.7,43.58,0,15.83,11.81,19.83
"2014-08-18 16:30:00",428,12.51,13.68,10.14,55.54,11.19,52.11,729,115.7,568.8,37.18,3.9,205.4,25.55,0,15.91,12.04,19.86
"2014-08-18 16:40:00",429,12.51,13.71,10.2,52.55,11.07,50.85,704.6,112.3,563.5,37.49,6.35,222.3,22.57,0,16.03,12.19,19.84
"2014-08-18 16:50:00",430,12.51,13.71,9.88,55.65,10.9,52.68,668.5,107.3,475.9,36.23,3.567,246.1,20.74,0,16.1,12.29,19.71
"2014-08-18 17:00:00",431,12.51,13.71,10.41,53.09,11.22,50.41,637.8,103,468.6,41.18,2.979,202.7,30.61,0,16.15,12.45,19.65
"2014-08-18 17:10:00",432,12.51,13.8,10.27,52.44,11.15,50.04,602.7,97.3,371.4,41.18,3.92,254.4,43.04,0,16.21,12.6,19.6
"2014-08-18 17:20:00",433,12.51,13.85,10.31,49.8,11.07,46.27,579.9,94.9,393.9,38.44,0.843,268.1,32.68,0,16.29,12.73,19.58
"2014-08-18 17:30:00",434,12.51,13.9,10.31,52.41,11.14,49.52,556.5,90.6,368.7,34.33,0.862,149.2,40.67,0,16.37,12.79,19.53
"2014-08-18 17:40:00",435,12.51,13.8,9.62,53.64,10.29,49.98,512.8,85.6,376,24.96,3.704,182.8,30.61,0,16.37,12.96,19.39
"2014-08-18 17:50:00",436,12.51,13.54,9.07,56.27,9.46,53.49,230,40.45,-16.21,10.74,3.058,239.1,25.52,0,16.35,13.06,19.16
"2014-08-18 18:00:00",437,12.51,13.09,9.72,52.9,10.52,49.98,338.3,72.87,284.1,11.59,2.43,214.4,62.42,0,16.4,13.17,18.81
"2014-08-18 18:10:00",438,12.51,12.93,9.72,54.94,10.36,51.96,57.83,68.86,265.2,8.95,2.783,211.8,47.27,0,16.37,13.25,18.49
"2014-08-18 18:20:00",439,12.5,12.84,9.68,53.86,10.44,51.58,253.7,62.84,184.9,4.951,3.606,206.4,20.57,0,16.32,13.34,18.33
"2014-08-18 18:30:00",440,12.5,12.65,9.33,55.95,9.8,53.18,328.9,56.16,150.5,-0.211,1.666,164,16.1,0,16.23,13.4,18.05
"2014-08-18 18:40:00",441,12.5,12.35,8.75,56.58,8.69,55.29,30.08,5.014,-99.6,-7.057,3.626,202.3,26.61,0,16.15,13.45,17.74
"2014-08-18 18:50:00",442,12.5,11.68,8.27,57.06,8.09,56.18,28.75,5.014,-96.6,-16.85,3.881,169,17.64,0,16.05,13.53,17.34
"2014-08-18 19:00:00",443,12.5,10.86,8.29,57.21,8.05,57.18,30.09,5.349,-91,-20.75,4.175,208.2,15.75,0,15.88,13.56,16.73
"2014-08-18 19:10:00",444,12.49,10.11,8.23,57.53,7.914,57.33,26.08,4.012,-102.2,-23.28,3.724,195.9,15.04,0,15.68,13.56,16.16
"2014-08-18 19:20:00",445,12.49,9.48,7.934,60.82,7.652,60.11,19.06,2.675,-106.8,-25.92,3.704,182.4,19.84,0,15.49,13.56,15.62
"2014-08-18 19:30:00",446,12.49,8.97,7.794,61.96,7.48,61.44,19.39,3.009,-100.9,-24.76,2.685,217.3,16.59,0,15.26,13.53,15.13
"2014-08-18 19:40:00",447,12.48,8.5,7.804,58.52,7.4,58.19,17.39,2.675,-107.5,-26.34,3.548,184.6,15.26,0,14.96,13.51,14.69
"2014-08-18 19:50:00",448,12.48,8.15,7.59,62.21,7.198,61.92,14.04,2.006,-108.9,-27.61,5.096,218.6,22.2,0,14.76,13.49,14.27
"2014-08-18 20:00:00",449,12.48,7.839,7.561,59.3,7.138,58.97,9.7,1.672,-107.5,-28.03,1.411,205,17.59,0,14.5,13.39,13.85
"2014-08-18 20:10:00",450,12.48,7.532,7.419,60.5,6.976,60.49,7.356,1.337,-117.5,-28.13,4.038,188.7,19.04,0,14.27,13.38,13.47
"2014-08-18 20:20:00",451,12.47,7.29,7.338,61.01,6.885,60.91,3.678,0.669,-110.8,-28.34,2.979,209.1,17.01,0,14,13.3,13.12
"2014-08-18 20:30:00",452,12.47,7.049,7.208,61.66,6.784,61.18,2.006,0.334,-119.4,-26.13,2.352,177.4,23.25,0,13.74,13.18,12.75
"2014-08-18 20:40:00",453,12.47,6.875,7.338,58.86,6.824,59.85,0.669,0.334,-115.5,-26.76,3.018,183.5,45.91,0,13.51,13.1,12.41
"2014-08-18 20:50:00",454,12.47,6.721,7.258,61.17,6.743,61.35,0.334,0,-106.2,-28.03,3.567,221.7,21.7,0,13.33,13.05,12.13
"2014-08-18 21:00:00",455,12.46,6.57,6.834,65.87,6.329,66,0,0,-108.2,-27.61,4.469,211.8,10.88,0,13.1,12.96,11.81
"2014-08-18 21:10:00",456,12.46,6.396,6.552,68.35,6.128,68.39,0,0,-98.9,-26.13,3.959,187.5,18.99,0,12.9,12.85,11.51
"2014-08-18 21:20:00",457,12.46,6.265,6.652,64.63,6.178,64.35,0,0,-106.2,-27.29,4.175,200.6,17.47,0,12.69,12.76,11.29
"2014-08-18 21:30:00",458,12.46,6.134,6.673,64.07,6.128,64.48,0,0,-120.8,-26.66,3.685,206.7,15.1,0,12.44,12.65,11.03
"2014-08-18 21:40:00",459,12.46,5.982,6.824,61.13,6.228,61.81,0,0,-128.7,-26.98,3.175,198.8,10.72,0,12.27,12.49,10.77
"2014-08-18 21:50:00",460,12.45,5.831,6.866,57.58,6.228,58.36,0,0,-121.4,-26.77,2.685,227.8,18.35,0,12.1,12.43,10.54
"2014-08-18 22:00:00",461,12.45,5.7,7.118,54.67,6.562,54.76,0,0,-120.8,-25.92,1.96,178.6,27.05,0,11.86,12.29,10.32
"2014-08-18 22:10:00",462,12.45,5.571,6.552,63.73,5.996,63.95,0,0,-115.5,-24.76,1.568,29.35,82.3,0,11.67,12.18,10.13
"2014-08-18 22:20:00",463,12.45,5.377,6.128,67.68,5.542,68.5,0,0,-111.5,-24.97,3.43,9.38,117.6,0,11.53,12.1,9.92
"2014-08-18 22:30:00",464,12.45,5.16,5.886,69.35,5.3,70.05,0,0,-111.5,-25.61,2.176,37.71,127,0,11.39,11.96,9.76
"2014-08-18 22:40:00",465,12.44,4.945,6.28,57.63,5.643,58.73,0,0,-118.8,-26.24,1.803,256.1,89.5,0,11.23,11.85,9.54
"2014-08-18 22:50:00",466,12.44,4.88,7.258,50.41,6.532,51.72,0,0,-121.1,-26.03,2.999,209.5,19.43,0,11.07,11.77,9.37
"2014-08-18 23:00:00",467,12.44,4.945,6.834,54.21,6.138,55.03,0,0,-122.1,-24.24,3.234,217.2,18.74,0,10.92,11.68,9.19
"2014-08-18 23:10:00",468,12.44,4.966,6.784,53.55,6.047,54.92,0,0,-130.7,-23.29,4.704,222.6,20.12,0,10.76,11.58,9.06
"2014-08-18 23:20:00",469,12.43,4.988,6.794,54.03,6.067,55.13,0,0,-124.1,-22.97,4.155,224.3,18,0,10.62,11.47,8.9
"2014-08-18 23:30:00",470,12.43,4.988,6.794,54.44,6.128,55.61,0,0,-114.2,-22.23,3.41,214.5,23.05,0,10.47,11.36,8.76
"2014-08-18 23:40:00",471,12.43,4.945,6.633,56.75,5.946,57.38,0,0,-112.8,-21.5,1.744,36.37,69.59,0,10.35,11.29,8.58
"2014-08-18 23:50:00",472,12.43,4.837,6.228,54.33,5.502,55.37,0,0,-118.8,-22.76,2.215,216.3,103.8,0,10.24,11.17,8.46
"2014-08-19 00:00:00",473,12.43,4.708,6.613,51.88,5.814,53.97,0,0,-132,-22.23,3.097,171.7,21.47,0,10.1,11.07,8.32
"2014-08-19 00:10:00",474,12.43,4.665,6.875,50.27,6.028,51.71,0,0,-119.4,-22.45,1.627,183.5,25.98,0,9.98,10.97,8.19
"2014-08-19 00:20:00",475,12.43,4.665,6.966,50.7,6.228,51.62,0,0,-112.2,-21.08,0.862,216.7,28.39,0,9.84,10.9,8.09
"2014-08-19 00:30:00",476,12.43,4.665,6.552,55.53,5.845,56.57,0,0,-116.8,-20.44,3.685,193.8,21.28,0,9.73,10.81,7.978
"2014-08-19 00:40:00",477,12.43,4.643,6.148,63.38,5.462,63.97,0,0,-108.9,-19.92,1.156,251.3,25.55,0,9.64,10.71,7.869
"2014-08-19 00:50:00",478,12.43,4.493,6.108,60.43,5.33,61.77,0,0,-115.5,-20.86,2.45,167.3,33.43,0,9.5,10.6,7.761
"2014-08-19 01:00:00",479,12.43,4.365,5.886,64.36,5.219,64.78,0,0,-95,-20.13,0.941,105.3,79.63,0,9.37,10.52,7.663
"2014-08-19 01:10:00",480,12.43,4.256,6.652,60.9,5.916,62.42,0,0,-84.4,-20.97,4.018,243.8,68.5,0,9.27,10.42,7.544
"2014-08-19 01:20:00",481,12.43,4.408,6.914,58.88,6.238,59.29,0,0,-99.6,-17.91,2.215,216.7,21.28,0,9.16,10.33,7.446
"2014-08-19 01:30:00",482,12.43,4.536,6.552,61.75,5.946,62.1,0,0,-104.9,-17.49,5.155,208.2,61.13,0,9.08,10.29,7.367
"2014-08-19 01:40:00",483,12.43,4.665,6.471,60.95,5.946,61.24,0,0,-99.9,-16.12,1.588,297,38.68,0,9.01,10.2,7.346
"2014-08-19 01:50:00",484,12.43,4.643,5.805,66.25,5.148,66.71,0,0,-119.4,-18.65,4.959,255.7,114.2,0,8.93,10.11,7.248
"2014-08-19 02:00:00",485,12.43,4.493,5.896,64.81,5.238,65.15,0,0,-109.5,-19.18,0.47,218.1,24.32,0,8.84,10.02,7.169
"2014-08-19 02:10:00",486,12.42,4.299,5.704,68.31,5.088,68.36,0,0,-111.5,-19.49,1.372,229.7,67.38,0,8.72,9.94,7.069
"2014-08-19 02:20:00",487,12.42,4.127,5.684,65.91,5.138,65.95,0,0,-114.8,-19.71,3.587,207.3,41.19,0,8.65,9.86,6.972
"2014-08-19 02:30:00",488,12.42,4.127,5.966,63.8,5.28,64.45,0,0,-118.8,-18.76,3.077,231.4,25.4,0,8.56,9.77,6.876
"2014-08-19 02:40:00",489,12.42,4.107,5.805,63.2,5.159,63.34,0,0,-104.2,-18.55,3.587,249.7,26,0,8.49,9.73,6.767
"2014-08-19 02:50:00",490,12.42,4.021,3.906,87.1,3.704,85.4,0,0,-58.57,-17.91,0.451,321,111,0,8.41,9.64,6.689
"2014-08-19 03:00:00",491,12.42,3.913,6.673,53.18,5.866,54.66,0,0,-125.4,-19.18,9.33,219.1,39.45,0,8.28,9.56,6.591
"2014-08-19 03:10:00",492,12.42,4.107,6.704,54.4,5.966,55.56,0,0,-118.1,-15.7,6.88,232.8,31.76,0,8.24,9.51,6.503
"2014-08-19 03:20:00",493,12.42,4.322,6.753,53.57,6.016,54.68,0,0,-117.5,-13.91,5.664,200.4,18.16,0,8.13,9.43,6.444
"2014-08-19 03:30:00",494,12.42,4.471,6.532,55.26,5.824,56.36,0,0,-110.2,-13.91,5.312,203.3,20.51,0,8.05,9.38,6.424
"2014-08-19 03:40:00",495,12.42,4.579,6.36,57.18,5.684,58.07,0,0,-98.9,-13.59,5.429,255.7,20.67,0,7.999,9.3,6.385
"2014-08-19 03:50:00",496,12.42,4.557,3.744,88.1,3.846,84.8,0,0,-30.11,-12.86,1.49,0.049,109.7,0,7.89,9.22,6.326
"2014-08-19 04:00:00",497,12.42,4.322,3.38,93.6,3.299,91.3,0,0,-20.85,-11.06,1.803,52.48,154.5,0,7.86,9.17,6.306
"2014-08-19 04:10:00",498,12.42,4.084,3.036,94.8,2.966,92.4,0,0,-80.4,-10.54,1.098,38.95,109.2,0,7.801,9.07,6.336
"2014-08-19 04:20:00",499,12.42,3.741,3.036,95.3,2.674,92.4,0,0,-68.16,-14.23,4.822,264.2,81.7,0,7.733,8.99,6.356
"2014-08-19 04:30:00",500,12.42,3.506,5.078,71.64,4.17,74.19,0,0,-61.88,-15.49,3.783,276,51.46,0,7.742,8.95,6.268
"2014-08-19 04:40:00",501,12.42,3.486,5.238,70.2,4.573,71.2,0,0,-67.84,-15.28,1.882,293.2,121.9,0,7.654,8.87,6.21
"2014-08-19 04:50:00",502,12.42,3.569,5.542,64.5,4.976,64.82,0,0,-78.43,-14.86,1.058,40.72,88.5,0,7.616,8.83,6.162
"2014-08-19 05:00:00",503,12.42,3.721,6.148,60,5.452,60.7,0,0,-81.1,-14.02,3.018,262.1,44.41,0,7.577,8.8,6.114
"2014-08-19 05:10:00",504,12.42,3.956,5.946,62.94,5.432,62.88,0,0,-71.15,-12.54,1.764,226.6,37.5,0,7.527,8.76,6.035
"2014-08-19 05:20:00",505,12.42,4.064,5.624,64.77,4.976,65.39,0,0,-71.15,-13.28,3.822,232.9,34.48,0,7.448,8.69,6.025
"2014-08-19 05:30:00",506,12.42,4.15,5.986,62.95,5.4,62.93,0,0,-74.78,-11.91,0.529,183,17.46,0,7.398,8.67,5.986
"2014-08-19 05:40:00",507,12.42,4.213,5.674,66.19,5.148,66.07,0,0,-60.55,-12.22,1.803,267.2,70.58,0,7.349,8.56,5.897
"2014-08-19 05:50:00",508,12.42,4.213,4.512,81.2,4.422,78.34,0,0,-49.96,-11.59,1.235,81.7,82.3,0,7.327,8.51,5.906
"2014-08-19 06:00:00",509,12.42,4.064,4.17,81.7,3.804,80.8,0.334,0,-58.57,-12.12,1.235,206.1,111.5,0,7.278,8.44,5.925
"2014-08-19 06:10:00",510,12.42,3.85,3.36,93,3.229,91.3,1.337,0.334,-20.85,-11.17,1.196,349.9,137.9,0,7.191,8.41,5.887
"2014-08-19 06:20:00",511,12.42,3.655,3.218,94.8,3.017,92.8,5.35,1.337,-29.12,-10.33,1.568,203.6,77.03,0,7.201,8.4,5.868
"2014-08-19 06:30:00",512,12.42,3.486,3.26,95.5,3.098,93.6,2.341,0.669,-21.51,-9.17,0.941,156.4,16.97,0,7.162,8.36,5.907
"2014-08-19 06:40:00",513,12.42,3.4,3.26,95.9,3.078,94,6.353,1.338,-12.24,-8.43,0,243,96.2,0,7.151,8.3,5.897
"2014-08-19 06:50:00",514,12.42,3.314,3.118,96.2,2.936,94.3,16.39,2.675,-38.05,-9.06,1.254,202.9,49.02,0,7.104,8.25,5.967
"2014-08-19 07:00:00",515,12.42,3.206,3.412,96.4,2.997,93.9,20.4,3.344,2.647,-10.12,0.882,268.2,33.63,0,7.124,8.22,5.958
"2014-08-19 07:10:00",516,12.42,3.165,3.623,93.1,3.198,92.8,20.06,3.344,-10.26,-9.27,1.098,353.7,118.1,0,7.096,8.17,5.92
"2014-08-19 07:20:00",517,12.41,3.185,3.502,93.7,3.188,93.1,23.74,4.347,-14.89,-8.85,1.254,324.3,141,0,7.066,8.13,5.939
"2014-08-19 07:30:00",518,12.41,3.185,3.401,95.1,3.218,94.2,42.81,7.357,2.648,-7.8,1.411,316.7,136.9,0,7.057,8.11,5.94
"2014-08-19 07:40:00",519,12.41,3.206,3.461,95.3,3.27,94,41.14,7.023,0.662,-6.746,0.392,121.2,105.7,0,7.037,8.02,5.969
"2014-08-19 07:50:00",520,12.42,3.228,3.492,95.3,3.28,94,31.77,5.351,-0.662,-6.64,2.293,18.56,144.9,0,6.988,8.01,6.038
"2014-08-19 08:00:00",521,12.41,3.271,3.401,95.9,3.218,94.6,44.81,7.692,19.53,-6.219,0,32.27,162.5,0,7.018,8,6.057
"2014-08-19 08:10:00",522,12.42,3.314,3.442,96.3,3.32,94.7,74.57,12.71,43.36,-4.322,0.608,44.22,114.6,0,7.017,7.934,6.115
"2014-08-19 08:20:00",523,12.41,3.377,3.502,96.4,3.38,94.6,76.25,13.04,36.07,-3.057,0.412,269.7,44.68,0,6.998,7.935,6.194
"2014-08-19 08:30:00",524,12.41,3.463,3.654,96.4,3.755,94.8,99,16.72,59.24,-1.897,1.901,300.7,138.5,0,6.969,7.905,6.292
